,Nome Responsável,Tipo de Medicao,Latitude,Longitude,Municipio,UF,Valor Medio,% do Limite,Número Estação,Operadora,ErbLat,ErbLong,Tecs,Time,Distancia,Power,Gain,Tx_Height,Rx_Height,Frequency
14223,Associação Brasileira de Compatibilidade Eletromagnética - ABRICEM,Faixa Larga,-16.40559,-48.97821,Anápolis,GO,0.4,0.02,1002483465,TIM,-16.4051111111111,-48.9786666666667,4G,2016-01-05 15:15:00,72.2,30.0,5.0,50.0,2.0,800
14224,Associação Brasileira de Compatibilidade Eletromagnética - ABRICEM,Faixa Larga,-16.40433,-48.97911,Anápolis,GO,0.81,0.08,1002483465,TIM,-16.4051111111111,-48.9786666666667,4G,2016-01-05 15:15:00,98.9,30.0,5.0,50.0,2.0,800
14225,Associação Brasileira de Compatibilidade Eletromagnética - ABRICEM,Faixa Larga,-16.40371,-48.97754,Anápolis,GO,0.51,0.03,1002483465,TIM,-16.4051111111111,-48.9786666666667,4G,2016-01-05 15:15:00,196.8,30.0,5.0,50.0,2.0,800
14226,Associação Brasileira de Compatibilidade Eletromagnética - ABRICEM,Faixa Larga,-16.40711,-48.97761,Anápolis,GO,0.78,0.08,1002483465,TIM,-16.4051111111111,-48.9786666666667,4G,2016-01-05 15:15:00,249.2,30.0,5.0,50.0,2.0,800
14241,Associação Brasileira de Compatibilidade Eletromagnética - ABRICEM,Faixa Larga,-16.40689,-48.94219,Anápolis,GO,0.2,0.01,1002487800,TIM,-16.4069444444444,-48.9419444444444,4G,2016-01-05 15:30:00,26.9,30.0,4.98,50.0,1.8,800
14242,Associação Brasileira de Compatibilidade Eletromagnética - ABRICEM,Faixa Larga,-16.40608,-48.94386,Anápolis,GO,0.66,0.06,1002487800,TIM,-16.4069444444444,-48.9419444444444,4G,2016-01-05 15:30:00,225.8,30.0,4.98,50.0,1.8,800
14243,Associação Brasileira de Compatibilidade Eletromagnética - ABRICEM,Faixa Larga,-16.40897,-48.94208,Anápolis,GO,0.22,0.01,1002487800,TIM,-16.4069444444444,-48.9419444444444,4G,2016-01-05 15:30:00,225.7,30.0,4.98,50.0,1.8,800
14244,Associação Brasileira de Compatibilidade Eletromagnética - ABRICEM,Faixa Larga,-16.40588,-48.93995,Anápolis,GO,0.62,0.05,1002487800,TIM,-16.4069444444444,-48.9419444444444,4G,2016-01-05 15:30:00,243.5,30.0,4.98,50.0,1.8,800
14284,Associação Brasileira de Compatibilidade Eletromagnética - ABRICEM,Faixa Larga,-16.36203,-48.98656,Anápolis,GO,0.3,0.01,1002483520,TIM,-16.37833,-48.98639,4G,2016-01-05 15:45:00,1812.6,59.6,9.96,59.4,1.4,1283
14285,Associação Brasileira de Compatibilidade Eletromagnética - ABRICEM,Faixa Larga,-16.36261,-48.985,Anápolis,GO,0.43,0.02,1002483520,TIM,-16.37833,-48.98639,4G,2016-01-05 15:45:00,1754.3,59.6,9.96,59.4,1.4,1283
14286,Associação Brasileira de Compatibilidade Eletromagnética - ABRICEM,Faixa Larga,-16.36061,-48.98772,Anápolis,GO,0.62,0.05,1002483520,TIM,-16.37833,-48.98639,4G,2016-01-05 15:45:00,1975.5,59.6,9.96,59.4,1.4,1283
14287,Associação Brasileira de Compatibilidade Eletromagnética - ABRICEM,Faixa Larga,-16.3635,-48.98714,Anápolis,GO,0.4,0.02,1002483520,TIM,-16.37833,-48.98639,4G,2016-01-05 15:45:00,1651.0,59.6,9.96,59.4,1.4,1283
14302,Associação Brasileira de Compatibilidade Eletromagnética - ABRICEM,Faixa Larga,-16.32564,-48.95647,Anápolis,GO,0.26,0.01,1002483597,TIM,-16.3255555555556,-48.9563888888889,4G,2016-01-05 16:00:00,12.8,30.0,5.0,50.0,1.9,800
14303,Associação Brasileira de Compatibilidade Eletromagnética - ABRICEM,Faixa Larga,-16.32475,-48.95567,Anápolis,GO,0.57,0.04,1002483597,TIM,-16.3255555555556,-48.9563888888889,4G,2016-01-05 16:00:00,117.9,30.0,5.0,50.0,1.9,800
14304,Associação Brasileira de Compatibilidade Eletromagnética - ABRICEM,Faixa Larga,-16.32553,-48.95753,Anápolis,GO,0.6,0.05,1002483597,TIM,-16.3255555555556,-48.9563888888889,4G,2016-01-05 16:00:00,121.8,30.0,5.0,50.0,1.9,800
14305,Associação Brasileira de Compatibilidade Eletromagnética - ABRICEM,Faixa Larga,-16.32661,-48.95667,Anápolis,GO,0.32,0.01,1002483597,TIM,-16.3255555555556,-48.9563888888889,4G,2016-01-05 16:00:00,121.0,30.0,5.0,50.0,1.9,800
14324,Associação Brasileira de Compatibilidade Eletromagnética - ABRICEM,Faixa Larga,-16.33125,-48.9705,Anápolis,GO,2.23,0.63,1002483228,TIM,-16.330806,-48.97,4G,2016-01-05 16:00:00,72.7,30.0,5.01,50.3,2.1,801
14325,Associação Brasileira de Compatibilidade Eletromagnética - ABRICEM,Faixa Larga,-16.33047,-48.97231,Anápolis,GO,5.32,3.61,1002483228,TIM,-16.330806,-48.97,4G,2016-01-05 16:00:00,249.3,30.0,5.01,50.3,2.1,801
14326,Associação Brasileira de Compatibilidade Eletromagnética - ABRICEM,Faixa Larga,-16.33209,-48.96966,Anápolis,GO,0.57,0.04,1002483228,TIM,-16.330806,-48.97,4G,2016-01-05 16:00:00,147.3,30.0,5.01,50.3,2.1,801
14327,Associação Brasileira de Compatibilidade Eletromagnética - ABRICEM,Faixa Larga,-16.33025,-48.97094,Anápolis,GO,0.5,0.03,1002483228,TIM,-16.330806,-48.97,4G,2016-01-05 16:00:00,117.8,30.0,5.01,50.3,2.1,801
14336,Associação Brasileira de Compatibilidade Eletromagnética - ABRICEM,Faixa Larga,-16.34758,-48.95806,Anápolis,GO,0.24,0.01,1002483287,TIM,-16.3477777777778,-48.9583333333333,4G,2016-01-05 16:15:00,36.5,30.0,4.96,50.2,2.1,801
14337,Associação Brasileira de Compatibilidade Eletromagnética - ABRICEM,Faixa Larga,-16.34659,-48.95695,Anápolis,GO,0.41,0.02,1002483287,TIM,-16.3477777777778,-48.9583333333333,4G,2016-01-05 16:15:00,198.1,30.0,4.96,50.2,2.1,801
14338,Associação Brasileira de Compatibilidade Eletromagnética - ABRICEM,Faixa Larga,-16.34769,-48.95992,Anápolis,GO,0.87,0.1,1002483287,TIM,-16.3477777777778,-48.9583333333333,4G,2016-01-05 16:15:00,169.6,30.0,4.96,50.2,2.1,801
14339,Associação Brasileira de Compatibilidade Eletromagnética - ABRICEM,Faixa Larga,-16.34911,-48.95856,Anápolis,GO,0.83,0.09,1002483287,TIM,-16.3477777777778,-48.9583333333333,4G,2016-01-05 16:15:00,150.1,30.0,4.96,50.2,2.1,801
14354,Associação Brasileira de Compatibilidade Eletromagnética - ABRICEM,Faixa Larga,-16.36872,-48.96489,Anápolis,GO,0.35,0.02,1002483562,TIM,-16.3683333333333,-48.9644444444444,4G,2016-01-05 16:15:00,64.1,30.0,4.97,50.2,2.1,801
14355,Associação Brasileira de Compatibilidade Eletromagnética - ABRICEM,Faixa Larga,-16.36767,-48.96392,Anápolis,GO,0.88,0.1,1002483562,TIM,-16.3683333333333,-48.9644444444444,4G,2016-01-05 16:15:00,92.6,30.0,4.97,50.2,2.1,801
14356,Associação Brasileira de Compatibilidade Eletromagnética - ABRICEM,Faixa Larga,-16.36792,-48.96603,Anápolis,GO,0.19,0.0,1002483562,TIM,-16.3683333333333,-48.9644444444444,4G,2016-01-05 16:15:00,175.3,30.0,4.97,50.2,2.1,801
14357,Associação Brasileira de Compatibilidade Eletromagnética - ABRICEM,Faixa Larga,-16.37025,-48.96558,Anápolis,GO,0.66,0.06,1002483562,TIM,-16.3683333333333,-48.9644444444444,4G,2016-01-05 16:15:00,245.2,30.0,4.97,50.2,2.1,801
14362,Associação Brasileira de Compatibilidade Eletromagnética - ABRICEM,Faixa Larga,-16.37242,-48.94569,Anápolis,GO,0.31,0.01,1002483546,TIM,-16.3725,-48.945667,4G,2016-01-05 16:15:00,9.2,47.0,8.25,20.4,1.8,1547
14363,Associação Brasileira de Compatibilidade Eletromagnética - ABRICEM,Faixa Larga,-16.37433,-48.94583,Anápolis,GO,0.43,0.02,1002483546,TIM,-16.3725,-48.945667,4G,2016-01-05 16:30:00,204.2,47.0,8.25,20.4,1.8,1547
14364,Associação Brasileira de Compatibilidade Eletromagnética - ABRICEM,Faixa Larga,-16.37025,-48.94472,Anápolis,GO,1.14,0.17,1002483546,TIM,-16.3725,-48.945667,4G,2016-01-05 16:30:00,269.8,47.0,8.25,20.4,1.8,1547
14365,Associação Brasileira de Compatibilidade Eletromagnética - ABRICEM,Faixa Larga,-16.37092,-48.94719,Anápolis,GO,0.41,0.02,1002483546,TIM,-16.3725,-48.945667,4G,2016-01-05 16:30:00,239.3,47.0,8.25,20.4,1.8,1547
14370,Associação Brasileira de Compatibilidade Eletromagnética - ABRICEM,Faixa Larga,-16.34489,-48.91806,Anápolis,GO,1.55,0.31,1002483457,TIM,-16.344861,-48.918028,4G,2016-01-05 16:30:00,4.7,30.0,4.99,50.0,2.0,801
14371,Associação Brasileira de Compatibilidade Eletromagnética - ABRICEM,Faixa Larga,-16.34353,-48.91833,Anápolis,GO,0.64,0.05,1002483457,TIM,-16.344861,-48.918028,4G,2016-01-05 16:30:00,151.5,30.0,4.99,50.0,2.0,801
14372,Associação Brasileira de Compatibilidade Eletromagnética - ABRICEM,Faixa Larga,-16.34592,-48.919,Anápolis,GO,1.09,0.15,1002483457,TIM,-16.344861,-48.918028,4G,2016-01-05 16:30:00,156.9,30.0,4.99,50.0,2.0,801
14373,Associação Brasileira de Compatibilidade Eletromagnética - ABRICEM,Faixa Larga,-16.34575,-48.91656,Anápolis,GO,0.32,0.01,1002483457,TIM,-16.344861,-48.918028,4G,2016-01-05 16:30:00,185.2,30.0,4.99,50.0,2.0,801
14378,Associação Brasileira de Compatibilidade Eletromagnética - ABRICEM,Faixa Larga,-16.35097,-48.90222,Anápolis,GO,0.45,0.03,1002483864,TIM,-16.3505555555556,-48.9011111111111,4G,2016-01-05 16:30:00,127.0,30.0,4.93,50.1,2.0,801
14379,Associação Brasileira de Compatibilidade Eletromagnética - ABRICEM,Faixa Larga,-16.34825,-48.90333,Anápolis,GO,0.56,0.04,1002483864,TIM,-16.3505555555556,-48.9011111111111,4G,2016-01-05 16:30:00,349.0,30.0,4.93,50.1,2.0,801
14380,Associação Brasileira de Compatibilidade Eletromagnética - ABRICEM,Faixa Larga,-16.35017,-48.90067,Anápolis,GO,0.47,0.03,1002483864,TIM,-16.3505555555556,-48.9011111111111,4G,2016-01-05 16:30:00,63.7,30.0,4.93,50.1,2.0,801
14381,Associação Brasileira de Compatibilidade Eletromagnética - ABRICEM,Faixa Larga,-16.34878,-48.90119,Anápolis,GO,0.37,0.02,1002483864,TIM,-16.3505555555556,-48.9011111111111,4G,2016-01-05 16:30:00,197.6,30.0,4.93,50.1,2.0,801
14388,Associação Brasileira de Compatibilidade Eletromagnética - ABRICEM,Faixa Larga,-16.33,-48.92506,Anápolis,GO,0.87,0.1,1002483384,TIM,-16.3445555555556,-48.9326444444444,4G,2016-01-05 16:30:00,1809.6,59.8,9.97,63.1,2.1,1285
14394,Associação Brasileira de Compatibilidade Eletromagnética - ABRICEM,Faixa Larga,-16.34533,-48.93833,Anápolis,GO,0.75,0.07,1002483082,TIM,-16.344694,-48.938056,4G,2016-01-05 16:30:00,76.5,30.0,5.0,50.0,2.0,800
14395,Associação Brasileira de Compatibilidade Eletromagnética - ABRICEM,Faixa Larga,-16.34678,-48.93781,Anápolis,GO,0.56,0.04,1002483082,TIM,-16.344694,-48.938056,4G,2016-01-05 16:45:00,233.4,30.0,5.0,50.0,2.0,800
14396,Associação Brasileira de Compatibilidade Eletromagnética - ABRICEM,Faixa Larga,-16.34554,-48.93682,Anápolis,GO,0.33,0.01,1002483082,TIM,-16.344694,-48.938056,4G,2016-01-05 16:45:00,162.0,30.0,5.0,50.0,2.0,800
14397,Associação Brasileira de Compatibilidade Eletromagnética - ABRICEM,Faixa Larga,-16.34378,-48.93908,Anápolis,GO,0.38,0.02,1002483082,TIM,-16.344694,-48.938056,4G,2016-01-05 16:45:00,149.2,30.0,5.0,50.0,2.0,800
14408,Associação Brasileira de Compatibilidade Eletromagnética - ABRICEM,Faixa Larga,-16.31314,-48.90075,Anápolis,GO,1.13,0.16,1002483147,TIM,-16.32944,-48.90056,4G,2016-01-05 16:45:00,1812.6,59.9,9.99,51.8,1.2,1453
14409,Associação Brasileira de Compatibilidade Eletromagnética - ABRICEM,Faixa Larga,-16.31411,-48.902,Anápolis,GO,0.98,0.12,1002483147,TIM,-16.32944,-48.90056,4G,2016-01-05 16:45:00,1711.5,59.9,9.99,51.8,1.2,1453
14410,Associação Brasileira de Compatibilidade Eletromagnética - ABRICEM,Faixa Larga,-16.31408,-48.90006,Anápolis,GO,1.5,0.29,1002483147,TIM,-16.32944,-48.90056,4G,2016-01-05 16:45:00,1708.8,59.9,9.99,51.8,1.2,1453
14411,Associação Brasileira de Compatibilidade Eletromagnética - ABRICEM,Faixa Larga,-16.31175,-48.90167,Anápolis,GO,0.97,0.12,1002483147,TIM,-16.32944,-48.90056,4G,2016-01-05 16:45:00,1970.6,59.9,9.99,51.8,1.2,1453
14416,Associação Brasileira de Compatibilidade Eletromagnética - ABRICEM,Faixa Larga,-16.30653,-48.93742,Anápolis,GO,0.32,0.01,1002483074,TIM,-16.3066666666667,-48.9372222222222,4G,2016-01-05 16:45:00,26.0,46.7,7.0,29.1,1.4,1621
14417,Associação Brasileira de Compatibilidade Eletromagnética - ABRICEM,Faixa Larga,-16.30794,-48.93644,Anápolis,GO,3.93,1.97,1002483074,TIM,-16.3066666666667,-48.9372222222222,4G,2016-01-05 16:45:00,164.4,46.7,7.0,29.1,1.4,1621
14418,Associação Brasileira de Compatibilidade Eletromagnética - ABRICEM,Faixa Larga,-16.30475,-48.93764,Anápolis,GO,0.37,0.02,1002483074,TIM,-16.3066666666667,-48.9372222222222,4G,2016-01-05 16:45:00,217.7,46.7,7.0,29.1,1.4,1621
14419,Associação Brasileira de Compatibilidade Eletromagnética - ABRICEM,Faixa Larga,-16.30769,-48.93833,Anápolis,GO,0.49,0.03,1002483074,TIM,-16.3066666666667,-48.9372222222222,4G,2016-01-05 16:45:00,164.1,46.7,7.0,29.1,1.4,1621
14426,Associação Brasileira de Compatibilidade Eletromagnética - ABRICEM,Faixa Larga,-16.28467,-48.93872,Anápolis,GO,0.42,0.02,1002483309,TIM,-16.2846888888889,-48.9386694444444,4G,2016-01-05 16:45:00,5.8,30.0,4.96,50.0,2.1,801
14427,Associação Brasileira de Compatibilidade Eletromagnética - ABRICEM,Faixa Larga,-16.28461,-48.93706,Anápolis,GO,0.43,0.02,1002483309,TIM,-16.2846888888889,-48.9386694444444,4G,2016-01-05 17:00:00,172.0,30.0,4.96,50.0,2.1,801
14428,Associação Brasileira de Compatibilidade Eletromagnética - ABRICEM,Faixa Larga,-16.28347,-48.93744,Anápolis,GO,0.37,0.02,1002483309,TIM,-16.2846888888889,-48.9386694444444,4G,2016-01-05 17:00:00,188.7,30.0,4.96,50.0,2.1,801
14429,Associação Brasileira de Compatibilidade Eletromagnética - ABRICEM,Faixa Larga,-16.28317,-48.93967,Anápolis,GO,0.39,0.02,1002483309,TIM,-16.2846888888889,-48.9386694444444,4G,2016-01-05 17:00:00,199.8,30.0,4.96,50.0,2.1,801
14448,Associação Brasileira de Compatibilidade Eletromagnética - ABRICEM,Faixa Larga,-16.29861,-48.95672,Anápolis,GO,0.56,0.04,1002483341,TIM,-16.298583,-48.95675,4G,2016-01-05 17:00:00,4.4,60.0,10.0,53.9,1.5,1112
14449,Associação Brasileira de Compatibilidade Eletromagnética - ABRICEM,Faixa Larga,-16.2995,-48.95661,Anápolis,GO,0.61,0.05,1002483341,TIM,-16.298583,-48.95675,4G,2016-01-05 17:00:00,103.1,60.0,10.0,53.9,1.5,1112
14450,Associação Brasileira de Compatibilidade Eletromagnética - ABRICEM,Faixa Larga,-16.29819,-48.95556,Anápolis,GO,1.04,0.14,1002483341,TIM,-16.298583,-48.95675,4G,2016-01-05 17:00:00,134.3,60.0,10.0,53.9,1.5,1112
14451,Associação Brasileira de Compatibilidade Eletromagnética - ABRICEM,Faixa Larga,-16.29772,-48.95792,Anápolis,GO,3.53,1.59,1002483341,TIM,-16.298583,-48.95675,4G,2016-01-05 17:00:00,157.5,60.0,10.0,53.9,1.5,1112
14456,Associação Brasileira de Compatibilidade Eletromagnética - ABRICEM,Faixa Larga,-16.31506,-48.96272,Anápolis,GO,0.79,0.08,1002483201,TIM,-16.315278,-48.962778,4G,2016-01-05 17:00:00,25.0,30.0,4.95,50.2,2.1,801
14457,Associação Brasileira de Compatibilidade Eletromagnética - ABRICEM,Faixa Larga,-16.31383,-48.96264,Anápolis,GO,1.51,0.29,1002483201,TIM,-16.315278,-48.962778,4G,2016-01-05 17:00:00,161.7,30.0,4.95,50.2,2.1,801
14458,Associação Brasileira de Compatibilidade Eletromagnética - ABRICEM,Faixa Larga,-16.31514,-48.96408,Anápolis,GO,0.9,0.1,1002483201,TIM,-16.315278,-48.962778,4G,2016-01-05 17:15:00,139.8,30.0,4.95,50.2,2.1,801
14459,Associação Brasileira de Compatibilidade Eletromagnética - ABRICEM,Faixa Larga,-16.31531,-48.96144,Anápolis,GO,0.9,0.1,1002483201,TIM,-16.315278,-48.962778,4G,2016-01-05 17:15:00,142.8,30.0,4.95,50.2,2.1,801
14468,Associação Brasileira de Compatibilidade Eletromagnética - ABRICEM,Faixa Larga,-16.28202,-48.97483,Anápolis,GO,0.38,0.02,1002483279,TIM,-16.2986111111111,-48.9747222222222,4G,2016-01-05 17:15:00,1844.9,59.6,9.96,58.9,1.4,1299
14469,Associação Brasileira de Compatibilidade Eletromagnética - ABRICEM,Faixa Larga,-16.28336,-48.97414,Anápolis,GO,0.55,0.04,1002483279,TIM,-16.2986111111111,-48.9747222222222,4G,2016-01-05 17:15:00,1697.0,59.6,9.96,58.9,1.4,1299
14471,Associação Brasileira de Compatibilidade Eletromagnética - ABRICEM,Faixa Larga,-16.28144,-48.97669,Anápolis,GO,0.42,0.02,1002483279,TIM,-16.2986111111111,-48.9747222222222,4G,2016-01-05 17:15:00,1920.9,59.6,9.96,58.9,1.4,1299
14743,Associação Brasileira de Compatibilidade Eletromagnética - ABRICEM,Faixa Larga,-16.406,-48.94722,Anápolis,GO,0.39,0.02,695734369,Claro,-16.40565,-48.9472416666667,2G 3G 4G,2016-01-05 19:15:00,39.0,30.0,4.98,49.9,1.9,800
14744,Associação Brasileira de Compatibilidade Eletromagnética - ABRICEM,Faixa Larga,-16.40581,-48.94858,Anápolis,GO,0.27,0.01,695734369,Claro,-16.40565,-48.9472416666667,2G 3G 4G,2016-01-05 19:15:00,143.9,30.0,4.98,49.9,1.9,800
14745,Associação Brasileira de Compatibilidade Eletromagnética - ABRICEM,Faixa Larga,-16.40617,-48.94767,Anápolis,GO,0.33,0.01,695734369,Claro,-16.40565,-48.9472416666667,2G 3G 4G,2016-01-05 19:15:00,73.7,30.0,4.98,49.9,1.9,800
14746,Associação Brasileira de Compatibilidade Eletromagnética - ABRICEM,Faixa Larga,-16.40594,-48.94647,Anápolis,GO,0.41,0.02,695734369,Claro,-16.40565,-48.9472416666667,2G 3G 4G,2016-01-05 19:30:00,88.4,30.0,4.98,49.9,1.9,800
14757,Associação Brasileira de Compatibilidade Eletromagnética - ABRICEM,Faixa Larga,-16.38228,-48.97658,Anápolis,GO,0.36,0.02,692777431,Claro,-16.3823694444444,-48.97665,2G 3G 4G,2016-01-05 19:30:00,12.4,30.0,4.99,50.0,2.0,800
14758,Associação Brasileira de Compatibilidade Eletromagnética - ABRICEM,Faixa Larga,-16.38322,-48.97697,Anápolis,GO,0.33,0.01,692777431,Claro,-16.3823694444444,-48.97665,2G 3G 4G,2016-01-05 19:30:00,100.5,30.0,4.99,50.0,2.0,800
14759,Associação Brasileira de Compatibilidade Eletromagnética - ABRICEM,Faixa Larga,-16.38281,-48.97633,Anápolis,GO,0.26,0.01,692777431,Claro,-16.3823694444444,-48.97665,2G 3G 4G,2016-01-05 19:30:00,59.7,30.0,4.99,50.0,2.0,800
14760,Associação Brasileira de Compatibilidade Eletromagnética - ABRICEM,Faixa Larga,-16.38194,-48.97626,Anápolis,GO,0.35,0.02,692777431,Claro,-16.3823694444444,-48.97665,2G 3G 4G,2016-01-05 19:30:00,63.3,30.0,4.99,50.0,2.0,800
14789,Associação Brasileira de Compatibilidade Eletromagnética - ABRICEM,Faixa Larga,-16.3725,-48.94569,Anápolis,GO,0.44,0.02,692518835,Claro,-16.3725194444444,-48.9458888888889,2G 3G 4G,2016-01-05 19:45:00,21.3,30.0,5.0,50.0,2.0,801
14790,Associação Brasileira de Compatibilidade Eletromagnética - ABRICEM,Faixa Larga,-16.37236,-48.94458,Anápolis,GO,0.6,0.05,692518835,Claro,-16.3725194444444,-48.9458888888889,2G 3G 4G,2016-01-05 19:45:00,140.8,30.0,5.0,50.0,2.0,801
14791,Associação Brasileira de Compatibilidade Eletromagnética - ABRICEM,Faixa Larga,-16.37383,-48.94625,Anápolis,GO,1.12,0.16,692518835,Claro,-16.3725194444444,-48.9458888888889,2G 3G 4G,2016-01-05 19:45:00,150.7,30.0,5.0,50.0,2.0,801
14792,Associação Brasileira de Compatibilidade Eletromagnética - ABRICEM,Faixa Larga,-16.37167,-48.94531,Anápolis,GO,0.58,0.04,692518835,Claro,-16.3725194444444,-48.9458888888889,2G 3G 4G,2016-01-05 19:45:00,112.9,30.0,5.0,50.0,2.0,801
14801,Associação Brasileira de Compatibilidade Eletromagnética - ABRICEM,Faixa Larga,-16.35419,-48.97961,Anápolis,GO,0.78,0.08,695256785,Claro,-16.3543388888889,-48.9797222222222,2G 3G 4G,2016-01-05 19:45:00,20.4,29.9,4.97,50.2,2.0,800
14802,Associação Brasileira de Compatibilidade Eletromagnética - ABRICEM,Faixa Larga,-16.35433,-48.97939,Anápolis,GO,0.89,0.1,695256785,Claro,-16.3543388888889,-48.9797222222222,2G 3G 4G,2016-01-05 19:45:00,35.5,29.9,4.97,50.2,2.0,800
14803,Associação Brasileira de Compatibilidade Eletromagnética - ABRICEM,Faixa Larga,-16.35342,-48.97983,Anápolis,GO,0.88,0.1,695256785,Claro,-16.3543388888889,-48.9797222222222,2G 3G 4G,2016-01-05 19:45:00,102.8,29.9,4.97,50.2,2.0,800
14804,Associação Brasileira de Compatibilidade Eletromagnética - ABRICEM,Faixa Larga,-16.35411,-48.98006,Anápolis,GO,0.57,0.04,695256785,Claro,-16.3543388888889,-48.9797222222222,2G 3G 4G,2016-01-05 19:45:00,44.1,29.9,4.97,50.2,2.0,800
14805,Associação Brasileira de Compatibilidade Eletromagnética - ABRICEM,Faixa Larga,-16.32583,-48.97428,Anápolis,GO,0.55,0.04,693077182,Claro,-16.32595,-48.9742888888889,2G 3G 4G,2016-01-05 19:45:00,13.4,30.0,5.0,50.0,2.0,800
14806,Associação Brasileira de Compatibilidade Eletromagnética - ABRICEM,Faixa Larga,-16.32583,-48.97372,Anápolis,GO,0.52,0.03,693077182,Claro,-16.32595,-48.9742888888889,2G 3G 4G,2016-01-05 19:45:00,62.2,30.0,5.0,50.0,2.0,800
14807,Associação Brasileira de Compatibilidade Eletromagnética - ABRICEM,Faixa Larga,-16.32578,-48.97486,Anápolis,GO,0.76,0.07,693077182,Claro,-16.32595,-48.9742888888889,2G 3G 4G,2016-01-05 19:45:00,63.8,30.0,5.0,50.0,2.0,800
14808,Associação Brasileira de Compatibilidade Eletromagnética - ABRICEM,Faixa Larga,-16.32725,-48.97436,Anápolis,GO,1.37,0.24,693077182,Claro,-16.32595,-48.9742888888889,2G 3G 4G,2016-01-05 19:45:00,144.8,30.0,5.0,50.0,2.0,800
14829,Associação Brasileira de Compatibilidade Eletromagnética - ABRICEM,Faixa Larga,-16.32533,-48.96103,Anápolis,GO,0.41,0.02,693180030,Claro,-16.3253694444444,-48.9613,2G 3G 4G,2016-01-05 20:00:00,29.1,20.0,1.02,47.2,2.0,800
14830,Associação Brasileira de Compatibilidade Eletromagnética - ABRICEM,Faixa Larga,-16.32533,-48.962,Anápolis,GO,0.53,0.04,693180030,Claro,-16.3253694444444,-48.9613,2G 3G 4G,2016-01-05 20:00:00,74.8,20.0,1.02,47.2,2.0,800
14831,Associação Brasileira de Compatibilidade Eletromagnética - ABRICEM,Faixa Larga,-16.32633,-48.96108,Anápolis,GO,0.38,0.02,693180030,Claro,-16.3253694444444,-48.9613,2G 3G 4G,2016-01-05 20:00:00,109.4,20.0,1.02,47.2,2.0,800
14832,Associação Brasileira de Compatibilidade Eletromagnética - ABRICEM,Faixa Larga,-16.32517,-48.96139,Anápolis,GO,0.41,0.02,693180030,Claro,-16.3253694444444,-48.9613,2G 3G 4G,2016-01-05 20:00:00,24.2,20.0,1.02,47.2,2.0,800
14855,Associação Brasileira de Compatibilidade Eletromagnética - ABRICEM,Faixa Larga,-16.32928,-48.95719,Anápolis,GO,0.43,0.02,693179970,Claro,-16.32955,-48.9556194444444,2G 3G 4G,2016-01-05 20:15:00,170.3,35.7,5.95,60.7,1.8,800
14856,Associação Brasileira de Compatibilidade Eletromagnética - ABRICEM,Faixa Larga,-16.33047,-48.95747,Anápolis,GO,0.37,0.02,693179970,Claro,-16.32955,-48.9556194444444,2G 3G 4G,2016-01-05 20:15:00,222.4,35.7,5.95,60.7,1.8,800
14857,Associação Brasileira de Compatibilidade Eletromagnética - ABRICEM,Faixa Larga,-16.32964,-48.95781,Anápolis,GO,0.63,0.05,693179970,Claro,-16.32955,-48.9556194444444,2G 3G 4G,2016-01-05 20:15:00,234.0,35.7,5.95,60.7,1.8,800
14858,Associação Brasileira de Compatibilidade Eletromagnética - ABRICEM,Faixa Larga,-16.32964,-48.95697,Anápolis,GO,0.75,0.07,693179970,Claro,-16.32955,-48.9556194444444,2G 3G 4G,2016-01-05 20:15:00,144.5,35.7,5.95,60.7,1.8,800
14875,Associação Brasileira de Compatibilidade Eletromagnética - ABRICEM,Faixa Larga,-16.34219,-48.93553,Anápolis,GO,0.28,0.01,693136294,Claro,-16.3423,-48.9353305555556,2G 3G 4G,2016-01-05 20:30:00,24.5,30.0,4.97,50.1,2.0,801
14876,Associação Brasileira de Compatibilidade Eletromagnética - ABRICEM,Faixa Larga,-16.34242,-48.93611,Anápolis,GO,0.53,0.04,693136294,Claro,-16.3423,-48.9353305555556,2G 3G 4G,2016-01-05 20:30:00,84.2,30.0,4.97,50.1,2.0,801
14877,Associação Brasileira de Compatibilidade Eletromagnética - ABRICEM,Faixa Larga,-16.34217,-48.93492,Anápolis,GO,0.32,0.01,693136294,Claro,-16.3423,-48.9353305555556,2G 3G 4G,2016-01-05 20:30:00,46.1,30.0,4.97,50.1,2.0,801
14878,Associação Brasileira de Compatibilidade Eletromagnética - ABRICEM,Faixa Larga,-16.34294,-48.93497,Anápolis,GO,0.26,0.01,693136294,Claro,-16.3423,-48.9353305555556,2G 3G 4G,2016-01-05 20:30:00,80.9,30.0,4.97,50.1,2.0,801
14895,Associação Brasileira de Compatibilidade Eletromagnética - ABRICEM,Faixa Larga,-16.34489,-48.91806,Anápolis,GO,0.46,0.03,695436830,Claro,-16.3450138888889,-48.9181027777778,2G 3G 4G,2016-01-05 20:30:00,14.5,30.0,5.0,50.0,2.0,800
14896,Associação Brasileira de Compatibilidade Eletromagnética - ABRICEM,Faixa Larga,-16.34461,-48.91828,Anápolis,GO,0.51,0.03,695436830,Claro,-16.3450138888889,-48.9181027777778,2G 3G 4G,2016-01-05 20:30:00,48.7,30.0,5.0,50.0,2.0,800
14897,Associação Brasileira de Compatibilidade Eletromagnética - ABRICEM,Faixa Larga,-16.34481,-48.91764,Anápolis,GO,0.45,0.03,695436830,Claro,-16.3450138888889,-48.9181027777778,2G 3G 4G,2016-01-05 20:30:00,54.3,30.0,5.0,50.0,2.0,800
14898,Associação Brasileira de Compatibilidade Eletromagnética - ABRICEM,Faixa Larga,-16.34544,-48.91825,Anápolis,GO,0.61,0.05,695436830,Claro,-16.3450138888889,-48.9181027777778,2G 3G 4G,2016-01-05 20:30:00,49.9,30.0,5.0,50.0,2.0,800
14913,Associação Brasileira de Compatibilidade Eletromagnética - ABRICEM,Faixa Larga,-16.30247,-48.9455,Anápolis,GO,0.38,0.02,693005238,Claro,-16.3025083333333,-48.9454916666667,2G 3G 4G,2016-01-05 20:45:00,4.4,30.0,4.98,50.0,2.0,801
14914,Associação Brasileira de Compatibilidade Eletromagnética - ABRICEM,Faixa Larga,-16.30222,-48.94622,Anápolis,GO,0.35,0.02,693005238,Claro,-16.3025083333333,-48.9454916666667,2G 3G 4G,2016-01-05 20:45:00,84.1,30.0,4.98,50.0,2.0,801
14915,Associação Brasileira de Compatibilidade Eletromagnética - ABRICEM,Faixa Larga,-16.30286,-48.94633,Anápolis,GO,0.32,0.01,693005238,Claro,-16.3025083333333,-48.9454916666667,2G 3G 4G,2016-01-05 20:45:00,97.6,30.0,4.98,50.0,2.0,801
14916,Associação Brasileira de Compatibilidade Eletromagnética - ABRICEM,Faixa Larga,-16.30244,-48.94508,Anápolis,GO,0.49,0.03,693005238,Claro,-16.3025083333333,-48.9454916666667,2G 3G 4G,2016-01-05 20:45:00,44.6,30.0,4.98,50.0,2.0,801
14917,Associação Brasileira de Compatibilidade Eletromagnética - ABRICEM,Faixa Larga,-16.28172,-48.96681,Anápolis,GO,0.27,0.01,693119446,Claro,-16.2818222222222,-48.9670111111111,2G 3G 4G,2016-01-05 20:45:00,24.3,30.0,4.92,50.1,2.1,801
14918,Associação Brasileira de Compatibilidade Eletromagnética - ABRICEM,Faixa Larga,-16.28145,-48.96634,Anápolis,GO,0.25,0.01,693119446,Claro,-16.2818222222222,-48.9670111111111,2G 3G 4G,2016-01-05 20:45:00,82.7,30.0,4.92,50.1,2.1,801
14919,Associação Brasileira de Compatibilidade Eletromagnética - ABRICEM,Faixa Larga,-16.28128,-48.96757,Anápolis,GO,0.3,0.01,693119446,Claro,-16.2818222222222,-48.9670111111111,2G 3G 4G,2016-01-05 20:45:00,84.8,30.0,4.92,50.1,2.1,801
14920,Associação Brasileira de Compatibilidade Eletromagnética - ABRICEM,Faixa Larga,-16.28239,-48.96656,Anápolis,GO,0.21,0.01,693119446,Claro,-16.2818222222222,-48.9670111111111,2G 3G 4G,2016-01-05 20:45:00,79.4,30.0,4.92,50.1,2.1,801
14932,Associação Brasileira de Compatibilidade Eletromagnética - ABRICEM,Faixa Larga,-16.27517,-48.93537,Anápolis,GO,0.18,0.0,695210602,Claro,-16.2739666666667,-48.9359027777778,2G 3G 4G,2016-01-05 20:45:00,145.4,30.0,5.0,49.8,1.9,800
14933,Associação Brasileira de Compatibilidade Eletromagnética - ABRICEM,Faixa Larga,-16.27558,-48.93583,Anápolis,GO,1.21,0.19,695210602,Claro,-16.2739666666667,-48.9359027777778,2G 3G 4G,2016-01-05 20:45:00,179.6,30.0,5.0,49.8,1.9,800
14934,Associação Brasileira de Compatibilidade Eletromagnética - ABRICEM,Faixa Larga,-16.27461,-48.93522,Anápolis,GO,1.09,0.15,695210602,Claro,-16.2739666666667,-48.9359027777778,2G 3G 4G,2016-01-05 20:45:00,102.1,30.0,5.0,49.8,1.9,800
14935,Associação Brasileira de Compatibilidade Eletromagnética - ABRICEM,Faixa Larga,-16.2755,-48.93486,Anápolis,GO,0.28,0.01,695210602,Claro,-16.2739666666667,-48.9359027777778,2G 3G 4G,2016-01-05 20:45:00,203.6,30.0,5.0,49.8,1.9,800
14944,Associação Brasileira de Compatibilidade Eletromagnética - ABRICEM,Faixa Larga,-16.286,-48.92339,Anápolis,GO,0.3,0.01,692518959,Claro,-16.2859,-48.9234805555555,2G 3G 4G,2016-01-05 21:00:00,14.7,30.0,5.0,50.0,2.0,800
14945,Associação Brasileira de Compatibilidade Eletromagnética - ABRICEM,Faixa Larga,-16.28594,-48.92403,Anápolis,GO,0.31,0.01,692518959,Claro,-16.2859,-48.9234805555555,2G 3G 4G,2016-01-05 21:00:00,58.8,30.0,5.0,50.0,2.0,800
14946,Associação Brasileira de Compatibilidade Eletromagnética - ABRICEM,Faixa Larga,-16.28569,-48.92272,Anápolis,GO,0.34,0.01,692518959,Claro,-16.2859,-48.9234805555555,2G 3G 4G,2016-01-05 21:00:00,84.5,30.0,5.0,50.0,2.0,800
14947,Associação Brasileira de Compatibilidade Eletromagnética - ABRICEM,Faixa Larga,-16.285,-48.92333,Anápolis,GO,0.17,0.0,692518959,Claro,-16.2859,-48.9234805555555,2G 3G 4G,2016-01-05 21:00:00,101.4,30.0,5.0,50.0,2.0,800
62157,Associação Brasileira de Compatibilidade Eletromagnética - ABRICEM,Faixa Larga,-16.40486,-48.97719,Anápolis,GO,0.49,0.03,683504274,TIM,-16.40475,-48.9769166666667,2G 3G 4G,2016-01-21 11:00:00,31.6,30.0,5.0,50.0,2.0,801
62158,Associação Brasileira de Compatibilidade Eletromagnética - ABRICEM,Faixa Larga,-16.40406,-48.97858,Anápolis,GO,0.52,0.03,683504274,TIM,-16.40475,-48.9769166666667,2G 3G 4G,2016-01-21 11:00:00,193.3,30.0,5.0,50.0,2.0,801
62159,Associação Brasileira de Compatibilidade Eletromagnética - ABRICEM,Faixa Larga,-16.403,-48.97633,Anápolis,GO,0.84,0.09,683504274,TIM,-16.40475,-48.9769166666667,2G 3G 4G,2016-01-21 11:00:00,204.4,30.0,5.0,50.0,2.0,801
62160,Associação Brasileira de Compatibilidade Eletromagnética - ABRICEM,Faixa Larga,-16.40625,-48.97744,Anápolis,GO,0.27,0.01,683504274,TIM,-16.40475,-48.9769166666667,2G 3G 4G,2016-01-21 11:00:00,175.9,30.0,5.0,50.0,2.0,801
62161,Associação Brasileira de Compatibilidade Eletromagnética - ABRICEM,Faixa Larga,-16.38269,-48.9613,Anápolis,GO,0.66,0.06,683504215,TIM,-16.382556,-48.961111,2G 3G 4G,2016-01-21 11:00:00,25.1,30.0,4.91,50.1,2.1,801
62162,Associação Brasileira de Compatibilidade Eletromagnética - ABRICEM,Faixa Larga,-16.38383,-48.96211,Anápolis,GO,0.88,0.1,683504215,TIM,-16.382556,-48.961111,2G 3G 4G,2016-01-21 11:00:00,177.3,30.0,4.91,50.1,2.1,801
62163,Associação Brasileira de Compatibilidade Eletromagnética - ABRICEM,Faixa Larga,-16.38178,-48.96231,Anápolis,GO,0.78,0.08,683504215,TIM,-16.382556,-48.961111,2G 3G 4G,2016-01-21 11:00:00,154.3,30.0,4.91,50.1,2.1,801
62164,Associação Brasileira de Compatibilidade Eletromagnética - ABRICEM,Faixa Larga,-16.38228,-48.95967,Anápolis,GO,0.98,0.12,683504215,TIM,-16.382556,-48.961111,2G 3G 4G,2016-01-21 11:00:00,156.8,30.0,4.91,50.1,2.1,801
62175,Associação Brasileira de Compatibilidade Eletromagnética - ABRICEM,Faixa Larga,-16.36205,-48.98661,Anápolis,GO,0.44,0.02,684761033,TIM,-16.362028,-48.986444,2G 3G 4G,2016-01-21 11:15:00,17.9,30.0,5.0,50.0,2.0,800
62176,Associação Brasileira de Compatibilidade Eletromagnética - ABRICEM,Faixa Larga,-16.36328,-48.98714,Anápolis,GO,0.56,0.04,684761033,TIM,-16.362028,-48.986444,2G 3G 4G,2016-01-21 11:15:00,157.8,30.0,5.0,50.0,2.0,800
62177,Associação Brasileira de Compatibilidade Eletromagnética - ABRICEM,Faixa Larga,-16.361,-48.98539,Anápolis,GO,0.36,0.02,684761033,TIM,-16.362028,-48.986444,2G 3G 4G,2016-01-21 11:15:00,160.4,30.0,5.0,50.0,2.0,800
62178,Associação Brasileira de Compatibilidade Eletromagnética - ABRICEM,Faixa Larga,-16.36128,-48.98775,Anápolis,GO,0.43,0.02,684761033,TIM,-16.362028,-48.986444,2G 3G 4G,2016-01-21 11:15:00,162.3,30.0,5.0,50.0,2.0,800
62195,Associação Brasileira de Compatibilidade Eletromagnética - ABRICEM,Faixa Larga,-16.32761,-48.9622,Anápolis,GO,0.62,0.05,684656809,TIM,-16.327667,-48.962056,2G 3G 4G,2016-01-21 11:15:00,16.6,30.0,5.0,50.0,2.0,800
62196,Associação Brasileira de Compatibilidade Eletromagnética - ABRICEM,Faixa Larga,-16.32803,-48.9635,Anápolis,GO,0.61,0.05,684656809,TIM,-16.327667,-48.962056,2G 3G 4G,2016-01-21 11:15:00,159.3,30.0,5.0,50.0,2.0,800
62197,Associação Brasileira de Compatibilidade Eletromagnética - ABRICEM,Faixa Larga,-16.32819,-48.96069,Anápolis,GO,0.62,0.05,684656809,TIM,-16.327667,-48.962056,2G 3G 4G,2016-01-21 11:15:00,156.9,30.0,5.0,50.0,2.0,800
62198,Associação Brasileira de Compatibilidade Eletromagnética - ABRICEM,Faixa Larga,-16.32617,-48.96213,Anápolis,GO,0.47,0.03,684656809,TIM,-16.327667,-48.962056,2G 3G 4G,2016-01-21 11:15:00,166.6,30.0,5.0,50.0,2.0,800
62213,Associação Brasileira de Compatibilidade Eletromagnética - ABRICEM,Faixa Larga,-16.32782,-48.95406,Anápolis,GO,0.3,0.01,674657802,TIM,-16.327861,-48.954306,2G 3G 4G,2016-01-21 11:30:00,26.6,30.0,4.98,49.9,1.8,800
62214,Associação Brasileira de Compatibilidade Eletromagnética - ABRICEM,Faixa Larga,-16.32922,-48.95408,Anápolis,GO,0.34,0.01,674657802,TIM,-16.327861,-48.954306,2G 3G 4G,2016-01-21 11:30:00,153.0,30.0,4.98,49.9,1.8,800
62215,Associação Brasileira de Compatibilidade Eletromagnética - ABRICEM,Faixa Larga,-16.32644,-48.95414,Anápolis,GO,0.41,0.02,674657802,TIM,-16.327861,-48.954306,2G 3G 4G,2016-01-21 11:30:00,159.0,30.0,4.98,49.9,1.8,800
62216,Associação Brasileira de Compatibilidade Eletromagnética - ABRICEM,Faixa Larga,-16.32775,-48.95592,Anápolis,GO,0.47,0.03,674657802,TIM,-16.327861,-48.954306,2G 3G 4G,2016-01-21 11:30:00,172.7,30.0,4.98,49.9,1.8,800
62217,Associação Brasileira de Compatibilidade Eletromagnética - ABRICEM,Faixa Larga,-16.30873,-48.96051,Anápolis,GO,0.99,0.13,689353960,TIM,-16.3095555555556,-48.9611111111111,2G 3G 4G,2016-01-21 11:30:00,112.0,30.1,5.1,50.2,2.0,801
62218,Associação Brasileira de Compatibilidade Eletromagnética - ABRICEM,Faixa Larga,-16.30708,-48.96117,Anápolis,GO,1.5,0.29,689353960,TIM,-16.3095555555556,-48.9611111111111,2G 3G 4G,2016-01-21 11:30:00,275.3,30.1,5.1,50.2,2.0,801
62219,Associação Brasileira de Compatibilidade Eletromagnética - ABRICEM,Faixa Larga,-16.31006,-48.95961,Anápolis,GO,1.25,0.2,689353960,TIM,-16.3095555555556,-48.9611111111111,2G 3G 4G,2016-01-21 11:30:00,169.7,30.1,5.1,50.2,2.0,801
62220,Associação Brasileira de Compatibilidade Eletromagnética - ABRICEM,Faixa Larga,-16.30933,-48.96206,Anápolis,GO,1.19,0.18,689353960,TIM,-16.3095555555556,-48.9611111111111,2G 3G 4G,2016-01-21 11:30:00,104.3,30.1,5.1,50.2,2.0,801
62225,Associação Brasileira de Compatibilidade Eletromagnética - ABRICEM,Faixa Larga,-16.31062,-48.90294,Anápolis,GO,0.65,0.05,684761114,TIM,-16.310472,-48.902528,2G 3G 4G,2016-01-21 11:30:00,46.9,31.2,6.38,44.9,2.1,801
62226,Associação Brasileira de Compatibilidade Eletromagnética - ABRICEM,Faixa Larga,-16.30926,-48.90253,Anápolis,GO,1.59,0.32,684761114,TIM,-16.310472,-48.902528,2G 3G 4G,2016-01-21 11:30:00,134.8,31.2,6.38,44.9,2.1,801
62227,Associação Brasileira de Compatibilidade Eletromagnética - ABRICEM,Faixa Larga,-16.31097,-48.90447,Anápolis,GO,1.05,0.14,684761114,TIM,-16.310472,-48.902528,2G 3G 4G,2016-01-21 11:30:00,214.5,31.2,6.38,44.9,2.1,801
62228,Associação Brasileira de Compatibilidade Eletromagnética - ABRICEM,Faixa Larga,-16.31212,-48.90208,Anápolis,GO,1.39,0.25,684761114,TIM,-16.310472,-48.902528,2G 3G 4G,2016-01-21 11:30:00,189.4,31.2,6.38,44.9,2.1,801
62401,Associação Brasileira de Compatibilidade Eletromagnética - ABRICEM,Faixa Larga,-16.29465,-48.97158,Anápolis,GO,5.21,3.46,674657810,TIM,-16.2947777777778,-48.9716388888889,2G 3G 4G,2016-01-21 13:00:00,15.5,42.5,7.08,53.9,2.0,817
62402,Associação Brasileira de Compatibilidade Eletromagnética - ABRICEM,Faixa Larga,-16.2954,-48.96989,Anápolis,GO,1.8,0.41,674657810,TIM,-16.2947777777778,-48.9716388888889,2G 3G 4G,2016-01-21 13:00:00,199.1,42.5,7.08,53.9,2.0,817
62403,Associação Brasileira de Compatibilidade Eletromagnética - ABRICEM,Faixa Larga,-16.29312,-48.97264,Anápolis,GO,1.61,0.33,674657810,TIM,-16.2947777777778,-48.9716388888889,2G 3G 4G,2016-01-21 13:00:00,213.1,42.5,7.08,53.9,2.0,817
62404,Associação Brasileira de Compatibilidade Eletromagnética - ABRICEM,Faixa Larga,-16.29294,-48.97047,Anápolis,GO,0.8,0.08,674657810,TIM,-16.2947777777778,-48.9716388888889,2G 3G 4G,2016-01-21 13:00:00,239.4,42.5,7.08,53.9,2.0,817
62531,Associação Brasileira de Compatibilidade Eletromagnética - ABRICEM,Faixa Larga,-16.32804,-48.92437,Anápolis,GO,0.8,0.08,683232142,TIM,-16.327861,-48.924278,2G 3G 4G,2016-01-21 14:00:00,22.2,42.5,9.98,40.3,1.9,879
62532,Associação Brasileira de Compatibilidade Eletromagnética - ABRICEM,Faixa Larga,-16.32597,-48.92428,Anápolis,GO,0.95,0.12,683232142,TIM,-16.327861,-48.924278,2G 3G 4G,2016-01-21 14:00:00,210.3,42.5,9.98,40.3,1.9,879
62533,Associação Brasileira de Compatibilidade Eletromagnética - ABRICEM,Faixa Larga,-16.32967,-48.92489,Anápolis,GO,0.99,0.13,683232142,TIM,-16.327861,-48.924278,2G 3G 4G,2016-01-21 14:00:00,211.5,42.5,9.98,40.3,1.9,879
62534,Associação Brasileira de Compatibilidade Eletromagnética - ABRICEM,Faixa Larga,-16.32828,-48.92267,Anápolis,GO,1.19,0.18,683232142,TIM,-16.327861,-48.924278,2G 3G 4G,2016-01-21 14:00:00,177.8,42.5,9.98,40.3,1.9,879
67642,Associação Brasileira de Compatibilidade Eletromagnética - ABRICEM,Faixa Larga,-16.37843,-48.98293,Anápolis,GO,1.28,0.21,1004223711,Claro,-16.3785555555556,-48.9830277777778,3G 4G,2016-01-23 07:30:00,17.4,30.0,5.01,50.0,2.0,801
67643,Associação Brasileira de Compatibilidade Eletromagnética - ABRICEM,Faixa Larga,-16.37933,-48.98193,Anápolis,GO,1.54,0.3,1004223711,Claro,-16.3785555555556,-48.9830277777778,3G 4G,2016-01-23 07:30:00,145.4,30.0,5.01,50.0,2.0,801
67644,Associação Brasileira de Compatibilidade Eletromagnética - ABRICEM,Faixa Larga,-16.37711,-48.98584,Anápolis,GO,3.0,1.15,1004223711,Claro,-16.3785555555556,-48.9830277777778,3G 4G,2016-01-23 07:30:00,340.4,30.0,5.01,50.0,2.0,801
67645,Associação Brasileira de Compatibilidade Eletromagnética - ABRICEM,Faixa Larga,-16.37602,-48.98393,Anápolis,GO,0.67,0.06,1004223711,Claro,-16.3785555555556,-48.9830277777778,3G 4G,2016-01-23 07:30:00,297.9,30.0,5.01,50.0,2.0,801
67662,Associação Brasileira de Compatibilidade Eletromagnética - ABRICEM,Faixa Larga,-16.38276,-48.96109,Anápolis,GO,1.49,0.28,698146425,Claro,-16.3826777777778,-48.9610833333333,2G 3G 4G,2016-01-23 07:30:00,9.2,29.8,4.4,50.3,2.1,801
67663,Associação Brasileira de Compatibilidade Eletromagnética - ABRICEM,Faixa Larga,-16.38472,-48.96222,Anápolis,GO,0.5,0.03,698146425,Claro,-16.3826777777778,-48.9610833333333,2G 3G 4G,2016-01-23 07:45:00,257.4,29.8,4.4,50.3,2.1,801
67664,Associação Brasileira de Compatibilidade Eletromagnética - ABRICEM,Faixa Larga,-16.38056,-48.96222,Anápolis,GO,0.74,0.07,698146425,Claro,-16.3826777777778,-48.9610833333333,2G 3G 4G,2016-01-23 07:45:00,264.9,29.8,4.4,50.3,2.1,801
67665,Associação Brasileira de Compatibilidade Eletromagnética - ABRICEM,Faixa Larga,-16.38139,-48.95806,Anápolis,GO,1.44,0.26,698146425,Claro,-16.3826777777778,-48.9610833333333,2G 3G 4G,2016-01-23 07:45:00,352.9,29.8,4.4,50.3,2.1,801
67687,Associação Brasileira de Compatibilidade Eletromagnética - ABRICEM,Faixa Larga,-16.40694,-48.94194,Anápolis,GO,0.6,0.05,1000718635,Claro,-16.4069444444444,-48.9419444444444,3G 4G,2016-01-23 07:45:00,0.7,30.0,4.99,50.0,2.0,801
67688,Associação Brasileira de Compatibilidade Eletromagnética - ABRICEM,Faixa Larga,-16.4047,-48.94235,Anápolis,GO,1.31,0.22,1000718635,Claro,-16.4069444444444,-48.9419444444444,3G 4G,2016-01-23 07:45:00,253.3,30.0,4.99,50.0,2.0,801
67689,Associação Brasileira de Compatibilidade Eletromagnética - ABRICEM,Faixa Larga,-16.40769,-48.94392,Anápolis,GO,0.7,0.06,1000718635,Claro,-16.4069444444444,-48.9419444444444,3G 4G,2016-01-23 07:45:00,226.4,30.0,4.99,50.0,2.0,801
67690,Associação Brasileira de Compatibilidade Eletromagnética - ABRICEM,Faixa Larga,-16.40961,-48.93998,Anápolis,GO,0.82,0.09,1000718635,Claro,-16.4069444444444,-48.9419444444444,3G 4G,2016-01-23 07:45:00,363.0,30.0,4.99,50.0,2.0,801
67710,Associação Brasileira de Compatibilidade Eletromagnética - ABRICEM,Faixa Larga,-16.4027,-48.90755,Anápolis,GO,1.19,0.18,1003393893,Claro,-16.40266,-48.90761,2G 3G 4G,2016-01-23 08:00:00,7.8,30.0,4.93,50.1,2.1,801
67711,Associação Brasileira de Compatibilidade Eletromagnética - ABRICEM,Faixa Larga,-16.40446,-48.90665,Anápolis,GO,0.41,0.02,1003393893,Claro,-16.40266,-48.90761,2G 3G 4G,2016-01-23 08:00:00,224.8,30.0,4.93,50.1,2.1,801
67712,Associação Brasileira de Compatibilidade Eletromagnética - ABRICEM,Faixa Larga,-16.40275,-48.90553,Anápolis,GO,0.61,0.05,1003393893,Claro,-16.40266,-48.90761,2G 3G 4G,2016-01-23 08:00:00,222.1,30.0,4.93,50.1,2.1,801
67713,Associação Brasileira de Compatibilidade Eletromagnética - ABRICEM,Faixa Larga,-16.40379,-48.9097,Anápolis,GO,1.16,0.17,1003393893,Claro,-16.40266,-48.90761,2G 3G 4G,2016-01-23 08:00:00,255.9,30.0,4.93,50.1,2.1,801
67726,Associação Brasileira de Compatibilidade Eletromagnética - ABRICEM,Faixa Larga,-16.32127,-48.94742,Anápolis,GO,1.56,0.31,683769871,Claro,-16.3210916666667,-48.94765,2G 3G 4G,2016-01-23 08:15:00,31.6,30.0,5.01,50.1,2.0,801
67727,Associação Brasileira de Compatibilidade Eletromagnética - ABRICEM,Faixa Larga,-16.31985,-48.94836,Anápolis,GO,1.39,0.25,683769871,Claro,-16.3210916666667,-48.94765,2G 3G 4G,2016-01-23 08:15:00,157.5,30.0,5.01,50.1,2.0,801
67728,Associação Brasileira de Compatibilidade Eletromagnética - ABRICEM,Faixa Larga,-16.32166,-48.9487,Anápolis,GO,0.64,0.05,683769871,Claro,-16.3210916666667,-48.94765,2G 3G 4G,2016-01-23 08:15:00,128.6,30.0,5.01,50.1,2.0,801
67729,Associação Brasileira de Compatibilidade Eletromagnética - ABRICEM,Faixa Larga,-16.32107,-48.94582,Anápolis,GO,1.41,0.25,683769871,Claro,-16.3210916666667,-48.94765,2G 3G 4G,2016-01-23 08:15:00,195.3,30.0,5.01,50.1,2.0,801
73855,Associação Brasileira de Compatibilidade Eletromagnética - ABRICEM,Faixa Larga,-16.31138,-48.94353,Anápolis,GO,0.65,0.05,1005603178,Vivo,-16.3112694444444,-48.9432611111111,3G 4G,2016-01-25 09:45:00,31.2,30.0,5.0,50.0,2.0,801
73856,Associação Brasileira de Compatibilidade Eletromagnética - ABRICEM,Faixa Larga,-16.31023,-48.9437,Anápolis,GO,0.71,0.06,1005603178,Vivo,-16.3112694444444,-48.9432611111111,3G 4G,2016-01-25 09:45:00,124.7,30.0,5.0,50.0,2.0,801
73857,Associação Brasileira de Compatibilidade Eletromagnética - ABRICEM,Faixa Larga,-16.31038,-48.94231,Anápolis,GO,1.02,0.13,1005603178,Vivo,-16.3112694444444,-48.9432611111111,3G 4G,2016-01-25 09:45:00,141.7,30.0,5.0,50.0,2.0,801
73858,Associação Brasileira de Compatibilidade Eletromagnética - ABRICEM,Faixa Larga,-16.31312,-48.94354,Anápolis,GO,0.49,0.03,1005603178,Vivo,-16.3112694444444,-48.9432611111111,3G 4G,2016-01-25 09:45:00,207.9,30.0,5.0,50.0,2.0,801
80202,Associação Brasileira de Compatibilidade Eletromagnética - ABRICEM,Faixa Larga,-16.34924,-48.91968,Anápolis,GO,0.44,0.02,1006558214,Vivo,-16.349419,-48.919822,3G 4G,2016-01-27 13:00:00,25.0,20.0,1.0,50.7,2.0,841
80203,Associação Brasileira de Compatibilidade Eletromagnética - ABRICEM,Faixa Larga,-16.34972,-48.92178,Anápolis,GO,0.49,0.03,1006558214,Vivo,-16.349419,-48.919822,3G 4G,2016-01-27 13:00:00,211.6,20.0,1.0,50.7,2.0,841
80204,Associação Brasileira de Compatibilidade Eletromagnética - ABRICEM,Faixa Larga,-16.34754,-48.91971,Anápolis,GO,0.49,0.03,1006558214,Vivo,-16.349419,-48.919822,3G 4G,2016-01-27 13:00:00,209.3,20.0,1.0,50.7,2.0,841
80205,Associação Brasileira de Compatibilidade Eletromagnética - ABRICEM,Faixa Larga,-16.34964,-48.91803,Anápolis,GO,0.38,0.02,1006558214,Vivo,-16.349419,-48.919822,3G 4G,2016-01-27 13:00:00,192.8,20.0,1.0,50.7,2.0,841
80206,Associação Brasileira de Compatibilidade Eletromagnética - ABRICEM,Faixa Larga,-16.34797,-48.92025,Anápolis,GO,0.31,0.01,1006558214,Vivo,-16.349419,-48.919822,3G 4G,2016-01-27 13:00:00,167.5,20.0,1.0,50.7,2.0,841
80207,Associação Brasileira de Compatibilidade Eletromagnética - ABRICEM,Faixa Larga,-16.34966,-48.91992,Anápolis,GO,0.68,0.06,1006558214,Vivo,-16.349419,-48.919822,3G 4G,2016-01-27 13:00:00,28.8,20.0,1.0,50.7,2.0,841
111520,Associação Brasileira de Compatibilidade Eletromagnética - ABRICEM,Faixa Larga,-16.31069,-48.90296,Anápolis,GO,0.79,0.08,687534933,Claro,-16.3109,-48.9031,2G 3G 4G,2016-02-07 00:00:00,27.7,30.0,5.0,50.0,1.9,800
111521,Associação Brasileira de Compatibilidade Eletromagnética - ABRICEM,Faixa Larga,-16.31183,-48.90417,Anápolis,GO,1.19,0.18,687534933,Claro,-16.3109,-48.9031,2G 3G 4G,2016-02-07 00:00:00,154.1,30.0,5.0,50.0,1.9,800
111522,Associação Brasileira de Compatibilidade Eletromagnética - ABRICEM,Faixa Larga,-16.31094,-48.90139,Anápolis,GO,0.57,0.04,687534933,Claro,-16.3109,-48.9031,2G 3G 4G,2016-02-07 00:00:00,182.5,30.0,5.0,50.0,1.9,800
111523,Associação Brasileira de Compatibilidade Eletromagnética - ABRICEM,Faixa Larga,-16.30972,-48.90306,Anápolis,GO,0.77,0.08,687534933,Claro,-16.3109,-48.9031,2G 3G 4G,2016-02-07 00:00:00,131.3,30.0,5.0,50.0,1.9,800
111524,Associação Brasileira de Compatibilidade Eletromagnética - ABRICEM,Faixa Larga,-16.36207,-48.98657,Anápolis,GO,1.71,0.37,687534950,Claro,-16.3619,-48.9866972222222,2G 3G 4G,2016-02-07 00:00:00,23.3,30.0,5.0,50.0,2.0,800
111525,Associação Brasileira de Compatibilidade Eletromagnética - ABRICEM,Faixa Larga,-16.36111,-48.98549,Anápolis,GO,0.56,0.04,687534950,Claro,-16.3619,-48.9866972222222,2G 3G 4G,2016-02-07 00:00:00,155.9,30.0,5.0,50.0,2.0,800
111526,Associação Brasileira de Compatibilidade Eletromagnética - ABRICEM,Faixa Larga,-16.36138,-48.98754,Anápolis,GO,0.48,0.03,687534950,Claro,-16.3619,-48.9866972222222,2G 3G 4G,2016-02-07 00:00:00,106.9,30.0,5.0,50.0,2.0,800
111527,Associação Brasileira de Compatibilidade Eletromagnética - ABRICEM,Faixa Larga,-16.36305,-48.98683,Anápolis,GO,0.85,0.09,687534950,Claro,-16.3619,-48.9866972222222,2G 3G 4G,2016-02-07 00:00:00,128.7,30.0,5.0,50.0,2.0,800
111535,Associação Brasileira de Compatibilidade Eletromagnética - ABRICEM,Faixa Larga,-16.40985,-48.89836,Anápolis,GO,0.31,0.01,698820860,Claro,-16.409861,-48.898347,3G 4G,2016-02-07 00:00:00,1.8,30.0,4.98,50.0,2.0,801
111536,Associação Brasileira de Compatibilidade Eletromagnética - ABRICEM,Faixa Larga,-16.41152,-48.89844,Anápolis,GO,0.21,0.01,698820860,Claro,-16.409861,-48.898347,3G 4G,2016-02-07 00:00:00,184.7,30.0,4.98,50.0,2.0,801
111537,Associação Brasileira de Compatibilidade Eletromagnética - ABRICEM,Faixa Larga,-16.40906,-48.89936,Anápolis,GO,0.3,0.01,698820860,Claro,-16.409861,-48.898347,3G 4G,2016-02-07 00:00:00,140.0,30.0,4.98,50.0,2.0,801
111538,Associação Brasileira de Compatibilidade Eletromagnética - ABRICEM,Faixa Larga,-16.40842,-48.89814,Anápolis,GO,0.21,0.01,698820860,Claro,-16.409861,-48.898347,3G 4G,2016-02-07 00:00:00,161.7,30.0,4.98,50.0,2.0,801
111576,Associação Brasileira de Compatibilidade Eletromagnética - ABRICEM,Faixa Larga,-16.27449,-48.97603,Anápolis,GO,0.35,0.02,698146204,Claro,-16.274425,-48.9762222222222,2G 3G 4G,2016-02-07 00:30:00,21.8,30.0,4.99,50.1,2.0,801
111577,Associação Brasileira de Compatibilidade Eletromagnética - ABRICEM,Faixa Larga,-16.27582,-48.97574,Anápolis,GO,1.0,0.13,698146204,Claro,-16.274425,-48.9762222222222,2G 3G 4G,2016-02-07 00:30:00,163.4,30.0,4.99,50.1,2.0,801
111578,Associação Brasileira de Compatibilidade Eletromagnética - ABRICEM,Faixa Larga,-16.2738,-48.9751,Anápolis,GO,0.24,0.01,698146204,Claro,-16.274425,-48.9762222222222,2G 3G 4G,2016-02-07 00:30:00,138.5,30.0,4.99,50.1,2.0,801
111579,Associação Brasileira de Compatibilidade Eletromagnética - ABRICEM,Faixa Larga,-16.2742,-48.97714,Anápolis,GO,0.27,0.01,698146204,Claro,-16.274425,-48.9762222222222,2G 3G 4G,2016-02-07 00:30:00,101.1,30.0,4.99,50.1,2.0,801
111580,Associação Brasileira de Compatibilidade Eletromagnética - ABRICEM,Faixa Larga,-16.32661,-48.95662,Anápolis,GO,0.43,0.02,568694830,Claro,-16.3265,-48.9571,2G 3G 4G,2016-02-07 00:30:00,52.7,30.0,4.99,49.9,1.9,800
111581,Associação Brasileira de Compatibilidade Eletromagnética - ABRICEM,Faixa Larga,-16.32738,-48.95767,Anápolis,GO,0.38,0.02,568694830,Claro,-16.3265,-48.9571,2G 3G 4G,2016-02-07 00:30:00,115.2,30.0,4.99,49.9,1.9,800
111582,Associação Brasileira de Compatibilidade Eletromagnética - ABRICEM,Faixa Larga,-16.32727,-48.95597,Anápolis,GO,0.28,0.01,568694830,Claro,-16.3265,-48.9571,2G 3G 4G,2016-02-07 00:30:00,147.9,30.0,4.99,49.9,1.9,800
111583,Associação Brasileira de Compatibilidade Eletromagnética - ABRICEM,Faixa Larga,-16.3252,-48.95649,Anápolis,GO,0.89,0.1,568694830,Claro,-16.3265,-48.9571,2G 3G 4G,2016-02-07 00:30:00,158.5,30.0,4.99,49.9,1.9,800
111584,Associação Brasileira de Compatibilidade Eletromagnética - ABRICEM,Faixa Larga,-16.3576,-48.96369,Anápolis,GO,0.49,0.03,693136278,Claro,-16.3577,-48.9636,2G 3G 4G,2016-02-07 00:30:00,14.7,30.0,5.0,50.0,2.0,800
111585,Associação Brasileira de Compatibilidade Eletromagnética - ABRICEM,Faixa Larga,-16.35692,-48.96567,Anápolis,GO,0.77,0.08,693136278,Claro,-16.3577,-48.9636,2G 3G 4G,2016-02-07 00:30:00,237.3,30.0,5.0,50.0,2.0,800
111586,Associação Brasileira de Compatibilidade Eletromagnética - ABRICEM,Faixa Larga,-16.35908,-48.96431,Anápolis,GO,1.2,0.18,693136278,Claro,-16.3577,-48.9636,2G 3G 4G,2016-02-07 00:30:00,171.1,30.0,5.0,50.0,2.0,800
111587,Associação Brasileira de Compatibilidade Eletromagnética - ABRICEM,Faixa Larga,-16.35708,-48.96289,Anápolis,GO,0.96,0.12,693136278,Claro,-16.3577,-48.9636,2G 3G 4G,2016-02-07 00:30:00,102.4,30.0,5.0,50.0,2.0,800
149068,Associação Brasileira de Compatibilidade Eletromagnética - ABRICEM,Faixa Larga,-16.32351,-48.95452,Anápolis,GO,0.76,0.07,691366454,Vivo,-16.3225,-48.95028,2G 3G 4G,2016-02-20 11:00:00,466.2,60.0,10.0,19.2,1.8,1722
149069,Associação Brasileira de Compatibilidade Eletromagnética - ABRICEM,Faixa Larga,-16.32351,-48.95308,Anápolis,GO,0.67,0.06,691366454,Vivo,-16.3225,-48.95028,2G 3G 4G,2016-02-20 11:15:00,319.2,60.0,10.0,19.2,1.8,1722
149070,Associação Brasileira de Compatibilidade Eletromagnética - ABRICEM,Faixa Larga,-16.32268,-48.95332,Anápolis,GO,0.48,0.03,691366454,Vivo,-16.3225,-48.95028,2G 3G 4G,2016-02-20 11:15:00,325.0,60.0,10.0,19.2,1.8,1722
149071,Associação Brasileira de Compatibilidade Eletromagnética - ABRICEM,Faixa Larga,-16.32145,-48.95351,Anápolis,GO,0.63,0.05,691366454,Vivo,-16.3225,-48.95028,2G 3G 4G,2016-02-20 11:15:00,363.9,60.0,10.0,19.2,1.8,1722
149088,Associação Brasileira de Compatibilidade Eletromagnética - ABRICEM,Faixa Larga,-16.31183,-48.81976,Anápolis,GO,0.25,0.01,5747783,Vivo,-16.31,-48.82139,2G 3G 4G,2016-02-20 11:15:00,267.7,28.1,4.61,39.7,2.1,856
149089,Associação Brasileira de Compatibilidade Eletromagnética - ABRICEM,Faixa Larga,-16.31183,-48.81976,Anápolis,GO,0.25,0.01,5747783,Vivo,-16.31,-48.82139,2G 3G 4G,2016-02-20 11:15:00,267.7,28.1,4.61,39.7,2.1,856
149090,Associação Brasileira de Compatibilidade Eletromagnética - ABRICEM,Faixa Larga,-16.31019,-48.82165,Anápolis,GO,0.38,0.02,5747783,Vivo,-16.31,-48.82139,2G 3G 4G,2016-02-20 11:15:00,34.9,28.1,4.61,39.7,2.1,856
149091,Associação Brasileira de Compatibilidade Eletromagnética - ABRICEM,Faixa Larga,-16.31019,-48.82165,Anápolis,GO,0.38,0.02,5747783,Vivo,-16.31,-48.82139,2G 3G 4G,2016-02-20 11:15:00,34.9,28.1,4.61,39.7,2.1,856
149092,Associação Brasileira de Compatibilidade Eletromagnética - ABRICEM,Faixa Larga,-16.30884,-48.82429,Anápolis,GO,0.36,0.02,5747783,Vivo,-16.31,-48.82139,2G 3G 4G,2016-02-20 11:15:00,335.3,28.1,4.61,39.7,2.1,856
149093,Associação Brasileira de Compatibilidade Eletromagnética - ABRICEM,Faixa Larga,-16.30884,-48.82429,Anápolis,GO,0.36,0.02,5747783,Vivo,-16.31,-48.82139,2G 3G 4G,2016-02-20 11:15:00,335.3,28.1,4.61,39.7,2.1,856
149094,Associação Brasileira de Compatibilidade Eletromagnética - ABRICEM,Faixa Larga,-16.30875,-48.82013,Anápolis,GO,0.43,0.02,5747783,Vivo,-16.31,-48.82139,2G 3G 4G,2016-02-20 11:15:00,193.4,28.1,4.61,39.7,2.1,856
149095,Associação Brasileira de Compatibilidade Eletromagnética - ABRICEM,Faixa Larga,-16.30875,-48.82013,Anápolis,GO,0.43,0.02,5747783,Vivo,-16.31,-48.82139,2G 3G 4G,2016-02-20 11:15:00,193.4,28.1,4.61,39.7,2.1,856
150144,Associação Brasileira de Compatibilidade Eletromagnética - ABRICEM,Faixa Larga,-16.40589,-48.92146,Anápolis,GO,0.64,0.05,2475731,Claro,-16.4055,-48.9241972222222,2G 3G 4G,2016-02-20 20:30:00,295.2,30.0,5.0,50.0,1.9,800
150145,Associação Brasileira de Compatibilidade Eletromagnética - ABRICEM,Faixa Larga,-16.40562,-48.92667,Anápolis,GO,0.7,0.06,2475731,Claro,-16.4055,-48.9241972222222,2G 3G 4G,2016-02-20 20:30:00,264.1,30.0,5.0,50.0,1.9,800
150146,Associação Brasileira de Compatibilidade Eletromagnética - ABRICEM,Faixa Larga,-16.4052,-48.92282,Anápolis,GO,0.27,0.01,2475731,Claro,-16.4055,-48.9241972222222,2G 3G 4G,2016-02-20 20:30:00,150.6,30.0,5.0,50.0,1.9,800
150147,Associação Brasileira de Compatibilidade Eletromagnética - ABRICEM,Faixa Larga,-16.40518,-48.924,Anápolis,GO,0.27,0.01,2475731,Claro,-16.4055,-48.9241972222222,2G 3G 4G,2016-02-20 20:30:00,41.3,30.0,5.0,50.0,1.9,800
150156,Associação Brasileira de Compatibilidade Eletromagnética - ABRICEM,Faixa Larga,-16.34096,-48.9487,Anápolis,GO,0.47,0.03,683798073,Claro,-16.3397,-48.9486,2G 3G 4G,2016-02-20 20:30:00,140.5,30.0,5.0,50.0,2.0,800
150157,Associação Brasileira de Compatibilidade Eletromagnética - ABRICEM,Faixa Larga,-16.34022,-48.9477,Anápolis,GO,0.35,0.02,683798073,Claro,-16.3397,-48.9486,2G 3G 4G,2016-02-20 20:30:00,112.1,30.0,5.0,50.0,2.0,800
150158,Associação Brasileira de Compatibilidade Eletromagnética - ABRICEM,Faixa Larga,-16.33962,-48.9485,Anápolis,GO,0.51,0.03,683798073,Claro,-16.3397,-48.9486,2G 3G 4G,2016-02-20 20:30:00,13.9,30.0,5.0,50.0,2.0,800
150159,Associação Brasileira de Compatibilidade Eletromagnética - ABRICEM,Faixa Larga,-16.33939,-48.94939,Anápolis,GO,0.43,0.02,683798073,Claro,-16.3397,-48.9486,2G 3G 4G,2016-02-20 20:45:00,91.1,30.0,5.0,50.0,2.0,800
150170,Associação Brasileira de Compatibilidade Eletromagnética - ABRICEM,Faixa Larga,-16.35327,-48.90323,Anápolis,GO,0.46,0.03,1001294871,Claro,-16.351064,-48.902192,2G 3G 4G,2016-02-20 20:45:00,269.1,30.0,5.0,50.0,1.9,800
150171,Associação Brasileira de Compatibilidade Eletromagnética - ABRICEM,Faixa Larga,-16.35097,-48.90227,Anápolis,GO,0.58,0.04,1001294871,Claro,-16.351064,-48.902192,2G 3G 4G,2016-02-20 20:45:00,13.4,30.0,5.0,50.0,1.9,800
150172,Associação Brasileira de Compatibilidade Eletromagnética - ABRICEM,Faixa Larga,-16.35012,-48.90075,Anápolis,GO,0.38,0.02,1001294871,Claro,-16.351064,-48.902192,2G 3G 4G,2016-02-20 20:45:00,186.3,30.0,5.0,50.0,1.9,800
150173,Associação Brasileira de Compatibilidade Eletromagnética - ABRICEM,Faixa Larga,-16.34942,-48.90287,Anápolis,GO,0.57,0.04,1001294871,Claro,-16.351064,-48.902192,2G 3G 4G,2016-02-20 20:45:00,196.6,30.0,5.0,50.0,1.9,800
150245,Associação Brasileira de Compatibilidade Eletromagnética - ABRICEM,Faixa Larga,-16.40558,-48.97842,Anápolis,GO,0.61,0.05,2475693,Claro,-16.4057,-48.979,2G 3G 4G,2016-02-20 21:30:00,63.3,30.0,4.93,50.2,2.1,801
150246,Associação Brasileira de Compatibilidade Eletromagnética - ABRICEM,Faixa Larga,-16.40518,-48.97874,Anápolis,GO,0.59,0.04,2475693,Claro,-16.4057,-48.979,2G 3G 4G,2016-02-20 21:30:00,64.1,30.0,4.93,50.2,2.1,801
150247,Associação Brasileira de Compatibilidade Eletromagnética - ABRICEM,Faixa Larga,-16.40501,-48.97763,Anápolis,GO,0.42,0.02,2475693,Claro,-16.4057,-48.979,2G 3G 4G,2016-02-20 21:30:00,165.1,30.0,4.93,50.2,2.1,801
150248,Associação Brasileira de Compatibilidade Eletromagnética - ABRICEM,Faixa Larga,-16.40332,-48.97846,Anápolis,GO,0.4,0.02,2475693,Claro,-16.4057,-48.979,2G 3G 4G,2016-02-20 21:30:00,270.8,30.0,4.93,50.2,2.1,801
150249,Associação Brasileira de Compatibilidade Eletromagnética - ABRICEM,Faixa Larga,-16.36978,-48.96581,Anápolis,GO,0.36,0.02,684210843,Claro,-16.3686,-48.965,2G 3G 4G,2016-02-20 21:30:00,157.1,30.0,5.0,50.0,2.0,801
150250,Associação Brasileira de Compatibilidade Eletromagnética - ABRICEM,Faixa Larga,-16.36878,-48.96495,Anápolis,GO,0.33,0.01,684210843,Claro,-16.3686,-48.965,2G 3G 4G,2016-02-20 21:30:00,20.7,30.0,5.0,50.0,2.0,801
150251,Associação Brasileira de Compatibilidade Eletromagnética - ABRICEM,Faixa Larga,-16.36819,-48.96369,Anápolis,GO,0.48,0.03,684210843,Claro,-16.3686,-48.965,2G 3G 4G,2016-02-20 21:30:00,147.0,30.0,5.0,50.0,2.0,801
150252,Associação Brasileira de Compatibilidade Eletromagnética - ABRICEM,Faixa Larga,-16.36795,-48.96585,Anápolis,GO,0.1,0.0,684210843,Claro,-16.3686,-48.965,2G 3G 4G,2016-02-20 21:30:00,116.0,30.0,5.0,50.0,2.0,801
150262,Associação Brasileira de Compatibilidade Eletromagnética - ABRICEM,Faixa Larga,-16.35103,-48.9381,Anápolis,GO,0.47,0.03,568694864,Claro,-16.35,-48.9385972222222,2G 3G 4G,2016-02-20 21:30:00,126.2,29.9,4.69,50.2,2.0,801
150263,Associação Brasileira de Compatibilidade Eletromagnética - ABRICEM,Faixa Larga,-16.35027,-48.93828,Anápolis,GO,0.52,0.03,568694864,Claro,-16.35,-48.9385972222222,2G 3G 4G,2016-02-20 21:30:00,45.2,29.9,4.69,50.2,2.0,801
150264,Associação Brasileira de Compatibilidade Eletromagnética - ABRICEM,Faixa Larga,-16.35006,-48.93801,Anápolis,GO,0.59,0.04,568694864,Claro,-16.35,-48.9385972222222,2G 3G 4G,2016-02-20 21:30:00,63.0,29.9,4.69,50.2,2.0,801
150265,Associação Brasileira de Compatibilidade Eletromagnética - ABRICEM,Faixa Larga,-16.34941,-48.93906,Anápolis,GO,0.56,0.04,568694864,Claro,-16.35,-48.9385972222222,2G 3G 4G,2016-02-20 21:30:00,82.1,29.9,4.69,50.2,2.0,801
150270,Associação Brasileira de Compatibilidade Eletromagnética - ABRICEM,Faixa Larga,-16.33406,-48.92034,Anápolis,GO,0.44,0.02,683798049,Claro,-16.3333333333333,-48.9199,2G 3G 4G,2016-02-20 21:30:00,93.5,20.0,3.34,53.2,1.9,800
150271,Associação Brasileira de Compatibilidade Eletromagnética - ABRICEM,Faixa Larga,-16.33335,-48.91947,Anápolis,GO,0.62,0.05,683798049,Claro,-16.3333333333333,-48.9199,2G 3G 4G,2016-02-20 21:30:00,45.9,20.0,3.34,53.2,1.9,800
150272,Associação Brasileira de Compatibilidade Eletromagnética - ABRICEM,Faixa Larga,-16.33264,-48.92036,Anápolis,GO,0.24,0.01,683798049,Claro,-16.3333333333333,-48.9199,2G 3G 4G,2016-02-20 21:30:00,91.4,20.0,3.34,53.2,1.9,800
150273,Associação Brasileira de Compatibilidade Eletromagnética - ABRICEM,Faixa Larga,-16.33196,-48.91942,Anápolis,GO,0.47,0.03,683798049,Claro,-16.3333333333333,-48.9199,2G 3G 4G,2016-02-20 21:45:00,161.1,20.0,3.34,53.2,1.9,800
150335,Associação Brasileira de Compatibilidade Eletromagnética - ABRICEM,Faixa Larga,-16.39359,-48.9791,Anápolis,GO,0.32,0.01,1002175442,Claro,-16.3924305555556,-48.9799888888889,3G 4G,2016-02-20 22:15:00,160.0,30.0,5.0,50.0,2.0,800
150336,Associação Brasileira de Compatibilidade Eletromagnética - ABRICEM,Faixa Larga,-16.3924,-48.98109,Anápolis,GO,0.4,0.02,1002175442,Claro,-16.3924305555556,-48.9799888888889,3G 4G,2016-02-20 22:15:00,117.5,30.0,5.0,50.0,2.0,800
150337,Associação Brasileira de Compatibilidade Eletromagnética - ABRICEM,Faixa Larga,-16.39226,-48.97997,Anápolis,GO,0.29,0.01,1002175442,Claro,-16.3924305555556,-48.9799888888889,3G 4G,2016-02-20 22:15:00,19.1,30.0,5.0,50.0,2.0,800
150338,Associação Brasileira de Compatibilidade Eletromagnética - ABRICEM,Faixa Larga,-16.39174,-48.97946,Anápolis,GO,0.24,0.01,1002175442,Claro,-16.3924305555556,-48.9799888888889,3G 4G,2016-02-20 22:15:00,95.3,30.0,5.0,50.0,2.0,800
150343,Associação Brasileira de Compatibilidade Eletromagnética - ABRICEM,Faixa Larga,-16.3491,-48.95832,Anápolis,GO,0.67,0.06,684210835,Claro,-16.3476,-48.9583027777778,2G 3G 4G,2016-02-20 22:15:00,166.8,30.0,4.97,50.1,2.0,801
150344,Associação Brasileira de Compatibilidade Eletromagnética - ABRICEM,Faixa Larga,-16.34757,-48.95808,Anápolis,GO,0.44,0.02,684210835,Claro,-16.3476,-48.9583027777778,2G 3G 4G,2016-02-20 22:15:00,24.0,30.0,4.97,50.1,2.0,801
150345,Associação Brasileira de Compatibilidade Eletromagnética - ABRICEM,Faixa Larga,-16.34674,-48.95854,Anápolis,GO,0.56,0.04,684210835,Claro,-16.3476,-48.9583027777778,2G 3G 4G,2016-02-20 22:15:00,98.9,30.0,4.97,50.1,2.0,801
150346,Associação Brasileira de Compatibilidade Eletromagnética - ABRICEM,Faixa Larga,-16.34655,-48.95714,Anápolis,GO,0.66,0.06,684210835,Claro,-16.3476,-48.9583027777778,2G 3G 4G,2016-02-20 22:15:00,170.4,30.0,4.97,50.1,2.0,801
150351,Associação Brasileira de Compatibilidade Eletromagnética - ABRICEM,Faixa Larga,-16.35875,-48.93456,Anápolis,GO,1.17,0.17,1002263910,Claro,-16.3583694444444,-48.9354527777778,3G 4G,2016-02-20 22:15:00,104.2,30.0,4.88,50.0,2.1,801
150352,Associação Brasileira de Compatibilidade Eletromagnética - ABRICEM,Faixa Larga,-16.35848,-48.93642,Anápolis,GO,0.39,0.02,1002263910,Claro,-16.3583694444444,-48.9354527777778,3G 4G,2016-02-20 22:15:00,103.9,30.0,4.88,50.0,2.1,801
150353,Associação Brasileira de Compatibilidade Eletromagnética - ABRICEM,Faixa Larga,-16.3583,-48.93544,Anápolis,GO,0.8,0.08,1002263910,Claro,-16.3583694444444,-48.9354527777778,3G 4G,2016-02-20 22:15:00,7.8,30.0,4.88,50.0,2.1,801
150354,Associação Brasileira de Compatibilidade Eletromagnética - ABRICEM,Faixa Larga,-16.35747,-48.93592,Anápolis,GO,0.17,0.0,1002263910,Claro,-16.3583694444444,-48.9354527777778,3G 4G,2016-02-20 22:15:00,111.7,30.0,4.88,50.0,2.1,801
150444,Associação Brasileira de Compatibilidade Eletromagnética - ABRICEM,Faixa Larga,-16.40024,-48.96138,Anápolis,GO,0.35,0.02,1001104509,Claro,-16.3995861111111,-48.9606805555556,2G 3G 4G,2016-02-20 23:15:00,104.2,30.0,5.0,50.0,2.0,800
150445,Associação Brasileira de Compatibilidade Eletromagnética - ABRICEM,Faixa Larga,-16.39946,-48.95936,Anápolis,GO,0.28,0.01,1001104509,Claro,-16.3995861111111,-48.9606805555556,2G 3G 4G,2016-02-20 23:15:00,141.6,30.0,5.0,50.0,2.0,800
150446,Associação Brasileira de Compatibilidade Eletromagnética - ABRICEM,Faixa Larga,-16.39923,-48.96057,Anápolis,GO,0.41,0.02,1001104509,Claro,-16.3995861111111,-48.9606805555556,2G 3G 4G,2016-02-20 23:15:00,41.3,30.0,5.0,50.0,2.0,800
150447,Associação Brasileira de Compatibilidade Eletromagnética - ABRICEM,Faixa Larga,-16.39835,-48.96072,Anápolis,GO,0.84,0.09,1001104509,Claro,-16.3995861111111,-48.9606805555556,2G 3G 4G,2016-02-20 23:15:00,137.5,30.0,5.0,50.0,2.0,800
150458,Associação Brasileira de Compatibilidade Eletromagnética - ABRICEM,Faixa Larga,-16.33816,-48.95783,Anápolis,GO,0.43,0.02,690534671,Claro,-16.3377222222222,-48.9570416666667,2G 3G 4G,2016-02-20 23:15:00,97.2,30.0,5.0,50.0,2.0,800
150459,Associação Brasileira de Compatibilidade Eletromagnética - ABRICEM,Faixa Larga,-16.33772,-48.95633,Anápolis,GO,0.35,0.02,690534671,Claro,-16.3377222222222,-48.9570416666667,2G 3G 4G,2016-02-20 23:15:00,75.9,30.0,5.0,50.0,2.0,800
150460,Associação Brasileira de Compatibilidade Eletromagnética - ABRICEM,Faixa Larga,-16.33768,-48.95693,Anápolis,GO,0.33,0.01,690534671,Claro,-16.3377222222222,-48.9570416666667,2G 3G 4G,2016-02-20 23:15:00,12.8,30.0,5.0,50.0,2.0,800
150461,Associação Brasileira de Compatibilidade Eletromagnética - ABRICEM,Faixa Larga,-16.33711,-48.95744,Anápolis,GO,0.41,0.02,690534671,Claro,-16.3377222222222,-48.9570416666667,2G 3G 4G,2016-02-20 23:15:00,80.3,30.0,5.0,50.0,2.0,800
150471,Associação Brasileira de Compatibilidade Eletromagnética - ABRICEM,Faixa Larga,-16.36656,-48.912,Anápolis,GO,0.3,0.01,1000720206,Claro,-16.3654583333333,-48.9126805555556,2G 3G 4G,2016-02-20 23:15:00,142.4,30.0,4.98,50.0,2.0,801
150472,Associação Brasileira de Compatibilidade Eletromagnética - ABRICEM,Faixa Larga,-16.36541,-48.91289,Anápolis,GO,0.38,0.02,1000720206,Claro,-16.3654583333333,-48.9126805555556,2G 3G 4G,2016-02-20 23:30:00,23.0,30.0,4.98,50.0,2.0,801
150473,Associação Brasileira de Compatibilidade Eletromagnética - ABRICEM,Faixa Larga,-16.36445,-48.9137,Anápolis,GO,0.08,0.0,1000720206,Claro,-16.3654583333333,-48.9126805555556,2G 3G 4G,2016-02-20 23:30:00,156.2,30.0,4.98,50.0,2.0,801
150474,Associação Brasileira de Compatibilidade Eletromagnética - ABRICEM,Faixa Larga,-16.36377,-48.91231,Anápolis,GO,0.33,0.01,1000720206,Claro,-16.3654583333333,-48.9126805555556,2G 3G 4G,2016-02-20 23:30:00,191.9,30.0,4.98,50.0,2.0,801
150484,Associação Brasileira de Compatibilidade Eletromagnética - ABRICEM,Faixa Larga,-16.33235,-48.93508,Anápolis,GO,0.34,0.01,688257992,Claro,-16.3314,-48.9346,2G 3G 4G,2016-02-20 23:30:00,117.4,30.0,4.98,50.0,1.9,800
150485,Associação Brasileira de Compatibilidade Eletromagnética - ABRICEM,Faixa Larga,-16.33222,-48.93378,Anápolis,GO,0.46,0.03,688257992,Claro,-16.3314,-48.9346,2G 3G 4G,2016-02-20 23:30:00,126.4,30.0,4.98,50.0,1.9,800
150486,Associação Brasileira de Compatibilidade Eletromagnética - ABRICEM,Faixa Larga,-16.33141,-48.9347,Anápolis,GO,0.56,0.04,688257992,Claro,-16.3314,-48.9346,2G 3G 4G,2016-02-20 23:30:00,10.7,30.0,4.98,50.0,1.9,800
150487,Associação Brasileira de Compatibilidade Eletromagnética - ABRICEM,Faixa Larga,-16.33099,-48.93577,Anápolis,GO,0.48,0.03,688257992,Claro,-16.3314,-48.9346,2G 3G 4G,2016-02-20 23:30:00,132.9,30.0,4.98,50.0,1.9,800
150492,Associação Brasileira de Compatibilidade Eletromagnética - ABRICEM,Faixa Larga,-16.31739,-48.954,Anápolis,GO,0.43,0.02,691782598,Claro,-16.3159194444444,-48.9531694444444,2G 3G 4G,2016-02-20 23:30:00,186.0,30.0,5.0,50.0,2.0,801
150493,Associação Brasileira de Compatibilidade Eletromagnética - ABRICEM,Faixa Larga,-16.31671,-48.95241,Anápolis,GO,0.47,0.03,691782598,Claro,-16.3159194444444,-48.9531694444444,2G 3G 4G,2016-02-20 23:30:00,119.6,30.0,5.0,50.0,2.0,801
150494,Associação Brasileira de Compatibilidade Eletromagnética - ABRICEM,Faixa Larga,-16.31596,-48.95348,Anápolis,GO,0.2,0.01,691782598,Claro,-16.3159194444444,-48.9531694444444,2G 3G 4G,2016-02-20 23:30:00,33.4,30.0,5.0,50.0,2.0,801
150495,Associação Brasileira de Compatibilidade Eletromagnética - ABRICEM,Faixa Larga,-16.31492,-48.95344,Anápolis,GO,0.37,0.02,691782598,Claro,-16.3159194444444,-48.9531694444444,2G 3G 4G,2016-02-20 23:30:00,114.8,30.0,5.0,50.0,2.0,801
150500,Associação Brasileira de Compatibilidade Eletromagnética - ABRICEM,Faixa Larga,-16.29299,-48.97029,Anápolis,GO,0.83,0.09,379968339,Claro,-16.2923,-48.9715,2G 3G 4G,2016-02-20 23:30:00,150.2,30.0,5.01,50.1,2.0,801
150501,Associação Brasileira de Compatibilidade Eletromagnética - ABRICEM,Faixa Larga,-16.29256,-48.97119,Anápolis,GO,0.64,0.05,379968339,Claro,-16.2923,-48.9715,2G 3G 4G,2016-02-20 23:45:00,43.9,30.0,5.01,50.1,2.0,801
150502,Associação Brasileira de Compatibilidade Eletromagnética - ABRICEM,Faixa Larga,-16.29204,-48.97003,Anápolis,GO,0.78,0.08,379968339,Claro,-16.2923,-48.9715,2G 3G 4G,2016-02-20 23:45:00,159.5,30.0,5.01,50.1,2.0,801
150503,Associação Brasileira de Compatibilidade Eletromagnética - ABRICEM,Faixa Larga,-16.29199,-48.97228,Anápolis,GO,1.01,0.13,379968339,Claro,-16.2923,-48.9715,2G 3G 4G,2016-02-20 23:45:00,90.1,30.0,5.01,50.1,2.0,801
150508,Associação Brasileira de Compatibilidade Eletromagnética - ABRICEM,Faixa Larga,-16.25615,-48.93695,Anápolis,GO,0.34,0.01,687535000,Claro,-16.2552,-48.9376972222222,2G 3G 4G,2016-02-20 23:45:00,132.4,27.0,3.79,49.5,2.0,800
150509,Associação Brasileira de Compatibilidade Eletromagnética - ABRICEM,Faixa Larga,-16.25541,-48.93737,Anápolis,GO,0.71,0.06,687535000,Claro,-16.2552,-48.9376972222222,2G 3G 4G,2016-02-20 23:45:00,42.0,27.0,3.79,49.5,2.0,800
150510,Associação Brasileira de Compatibilidade Eletromagnética - ABRICEM,Faixa Larga,-16.25531,-48.93871,Anápolis,GO,0.28,0.01,687535000,Claro,-16.2552,-48.9376972222222,2G 3G 4G,2016-02-20 23:45:00,108.8,27.0,3.79,49.5,2.0,800
150511,Associação Brasileira de Compatibilidade Eletromagnética - ABRICEM,Faixa Larga,-16.25403,-48.93704,Anápolis,GO,0.32,0.01,687535000,Claro,-16.2552,-48.9376972222222,2G 3G 4G,2016-02-20 23:45:00,147.8,27.0,3.79,49.5,2.0,800
150512,Associação Brasileira de Compatibilidade Eletromagnética - ABRICEM,Faixa Larga,-16.3073,-48.93759,Anápolis,GO,0.42,0.02,687534852,Claro,-16.3065,-48.9378,2G 3G 4G,2016-02-20 23:45:00,91.7,30.0,4.99,50.0,2.0,801
150513,Associação Brasileira de Compatibilidade Eletromagnética - ABRICEM,Faixa Larga,-16.30674,-48.93836,Anápolis,GO,0.42,0.02,687534852,Claro,-16.3065,-48.9378,2G 3G 4G,2016-02-20 23:45:00,65.5,30.0,4.99,50.0,2.0,801
150514,Associação Brasileira de Compatibilidade Eletromagnética - ABRICEM,Faixa Larga,-16.30654,-48.93739,Anápolis,GO,0.41,0.02,687534852,Claro,-16.3065,-48.9378,2G 3G 4G,2016-02-20 23:45:00,44.0,30.0,4.99,50.0,2.0,801
150515,Associação Brasileira de Compatibilidade Eletromagnética - ABRICEM,Faixa Larga,-16.30566,-48.93719,Anápolis,GO,0.35,0.02,687534852,Claro,-16.3065,-48.9378,2G 3G 4G,2016-02-20 23:45:00,113.9,30.0,4.99,50.0,2.0,801
150566,Associação Brasileira de Compatibilidade Eletromagnética - ABRICEM,Faixa Larga,-16.32754,-48.95138,Anápolis,GO,0.31,0.01,1001773508,Claro,-16.3264,-48.9513388888889,3G 4G,2016-02-21 00:15:00,126.8,30.0,4.98,49.9,1.9,800
150567,Associação Brasileira de Compatibilidade Eletromagnética - ABRICEM,Faixa Larga,-16.32664,-48.95133,Anápolis,GO,0.52,0.03,1001773508,Claro,-16.3264,-48.9513388888889,3G 4G,2016-02-21 00:15:00,26.7,30.0,4.98,49.9,1.9,800
150568,Associação Brasileira de Compatibilidade Eletromagnética - ABRICEM,Faixa Larga,-16.32624,-48.95031,Anápolis,GO,0.19,0.0,1001773508,Claro,-16.3264,-48.9513388888889,3G 4G,2016-02-21 00:15:00,111.2,30.0,4.98,49.9,1.9,800
150569,Associação Brasileira de Compatibilidade Eletromagnética - ABRICEM,Faixa Larga,-16.32619,-48.95211,Anápolis,GO,0.34,0.01,1001773508,Claro,-16.3264,-48.9513388888889,3G 4G,2016-02-21 00:15:00,85.5,30.0,4.98,49.9,1.9,800
150578,Associação Brasileira de Compatibilidade Eletromagnética - ABRICEM,Faixa Larga,-16.31573,-48.96278,Anápolis,GO,0.6,0.05,687485819,Claro,-16.3151,-48.9628,2G 3G 4G,2016-02-21 00:15:00,70.1,29.9,4.81,50.0,2.0,801
150579,Associação Brasileira de Compatibilidade Eletromagnética - ABRICEM,Faixa Larga,-16.31512,-48.9638,Anápolis,GO,1.19,0.18,687485819,Claro,-16.3151,-48.9628,2G 3G 4G,2016-02-21 00:15:00,106.7,29.9,4.81,50.0,2.0,801
150580,Associação Brasileira de Compatibilidade Eletromagnética - ABRICEM,Faixa Larga,-16.31512,-48.96272,Anápolis,GO,0.67,0.06,687485819,Claro,-16.3151,-48.9628,2G 3G 4G,2016-02-21 00:15:00,8.8,29.9,4.81,50.0,2.0,801
150581,Associação Brasileira de Compatibilidade Eletromagnética - ABRICEM,Faixa Larga,-16.31411,-48.96263,Anápolis,GO,0.75,0.07,687485819,Claro,-16.3151,-48.9628,2G 3G 4G,2016-02-21 00:15:00,111.6,29.9,4.81,50.0,2.0,801
150582,Associação Brasileira de Compatibilidade Eletromagnética - ABRICEM,Faixa Larga,-16.28306,-48.97503,Anápolis,GO,0.34,0.01,684210860,Claro,-16.282,-48.9752,2G 3G 4G,2016-02-21 00:15:00,119.3,30.0,5.0,50.0,2.0,801
150583,Associação Brasileira de Compatibilidade Eletromagnética - ABRICEM,Faixa Larga,-16.28235,-48.97388,Anápolis,GO,0.3,0.01,684210860,Claro,-16.282,-48.9752,2G 3G 4G,2016-02-21 00:15:00,146.2,30.0,5.0,50.0,2.0,801
150584,Associação Brasileira de Compatibilidade Eletromagnética - ABRICEM,Faixa Larga,-16.282,-48.97479,Anápolis,GO,0.56,0.04,684210860,Claro,-16.282,-48.9752,2G 3G 4G,2016-02-21 00:15:00,43.8,30.0,5.0,50.0,2.0,801
150585,Associação Brasileira de Compatibilidade Eletromagnética - ABRICEM,Faixa Larga,-16.28066,-48.97545,Anápolis,GO,0.3,0.01,684210860,Claro,-16.282,-48.9752,2G 3G 4G,2016-02-21 00:15:00,151.4,30.0,5.0,50.0,2.0,801
150590,Associação Brasileira de Compatibilidade Eletromagnética - ABRICEM,Faixa Larga,-16.28266,-48.93674,Anápolis,GO,0.57,0.04,700006184,Claro,-16.2815,-48.9365,2G 3G 4G,2016-02-21 00:15:00,131.5,30.0,4.99,50.0,2.0,801
150591,Associação Brasileira de Compatibilidade Eletromagnética - ABRICEM,Faixa Larga,-16.28158,-48.93631,Anápolis,GO,0.35,0.02,700006184,Claro,-16.2815,-48.9365,2G 3G 4G,2016-02-21 00:15:00,22.1,30.0,4.99,50.0,2.0,801
150592,Associação Brasileira de Compatibilidade Eletromagnética - ABRICEM,Faixa Larga,-16.28113,-48.93756,Anápolis,GO,0.5,0.03,700006184,Claro,-16.2815,-48.9365,2G 3G 4G,2016-02-21 00:15:00,120.4,30.0,4.99,50.0,2.0,801
150593,Associação Brasileira de Compatibilidade Eletromagnética - ABRICEM,Faixa Larga,-16.28078,-48.93536,Anápolis,GO,0.57,0.04,700006184,Claro,-16.2815,-48.9365,2G 3G 4G,2016-02-21 00:15:00,145.7,30.0,4.99,50.0,2.0,801
150594,Associação Brasileira de Compatibilidade Eletromagnética - ABRICEM,Faixa Larga,-16.31237,-48.9446,Anápolis,GO,1.02,0.13,1000718422,Claro,-16.3112694444444,-48.9432611111111,3G 4G,2016-02-21 00:30:00,188.1,29.9,4.7,44.4,2.1,801
150595,Associação Brasileira de Compatibilidade Eletromagnética - ABRICEM,Faixa Larga,-16.31116,-48.9437,Anápolis,GO,0.64,0.05,1000718422,Claro,-16.3112694444444,-48.9432611111111,3G 4G,2016-02-21 00:30:00,48.4,29.9,4.7,44.4,2.1,801
150596,Associação Brasileira de Compatibilidade Eletromagnética - ABRICEM,Faixa Larga,-16.31033,-48.94197,Anápolis,GO,1.14,0.17,1000718422,Claro,-16.3112694444444,-48.9432611111111,3G 4G,2016-02-21 00:30:00,172.9,29.9,4.7,44.4,2.1,801
150597,Associação Brasileira de Compatibilidade Eletromagnética - ABRICEM,Faixa Larga,-16.31017,-48.94369,Anápolis,GO,0.92,0.11,1000718422,Claro,-16.3112694444444,-48.9432611111111,3G 4G,2016-02-21 00:30:00,130.5,29.9,4.7,44.4,2.1,801
150606,Associação Brasileira de Compatibilidade Eletromagnética - ABRICEM,Faixa Larga,-16.33228,-48.96952,Anápolis,GO,0.37,0.02,684678420,Claro,-16.3314,-48.9705,2G 3G 4G,2016-02-21 00:30:00,143.2,30.0,5.0,50.0,2.0,801
150607,Associação Brasileira de Compatibilidade Eletromagnética - ABRICEM,Faixa Larga,-16.33124,-48.97049,Anápolis,GO,0.49,0.03,684678420,Claro,-16.3314,-48.9705,2G 3G 4G,2016-02-21 00:30:00,17.8,30.0,5.0,50.0,2.0,801
150608,Associação Brasileira de Compatibilidade Eletromagnética - ABRICEM,Faixa Larga,-16.33119,-48.97114,Anápolis,GO,0.29,0.01,684678420,Claro,-16.3314,-48.9705,2G 3G 4G,2016-02-21 00:30:00,72.2,30.0,5.0,50.0,2.0,801
150609,Associação Brasileira de Compatibilidade Eletromagnética - ABRICEM,Faixa Larga,-16.3305,-48.9701,Anápolis,GO,0.47,0.03,684678420,Claro,-16.3314,-48.9705,2G 3G 4G,2016-02-21 00:30:00,108.8,30.0,5.0,50.0,2.0,801
150610,Associação Brasileira de Compatibilidade Eletromagnética - ABRICEM,Faixa Larga,-16.30958,-48.96089,Anápolis,GO,1.3,0.22,684210851,Claro,-16.3086,-48.9608,2G 3G 4G,2016-02-21 00:30:00,109.4,30.0,4.98,50.2,2.1,801
150611,Associação Brasileira de Compatibilidade Eletromagnética - ABRICEM,Faixa Larga,-16.30872,-48.96048,Anápolis,GO,0.55,0.04,684210851,Claro,-16.3086,-48.9608,2G 3G 4G,2016-02-21 00:30:00,36.7,30.0,4.98,50.2,2.1,801
150612,Associação Brasileira de Compatibilidade Eletromagnética - ABRICEM,Faixa Larga,-16.30822,-48.9595,Anápolis,GO,1.15,0.17,684210851,Claro,-16.3086,-48.9608,2G 3G 4G,2016-02-21 00:30:00,145.0,30.0,4.98,50.2,2.1,801
150613,Associação Brasileira de Compatibilidade Eletromagnética - ABRICEM,Faixa Larga,-16.30807,-48.96167,Anápolis,GO,1.09,0.15,684210851,Claro,-16.3086,-48.9608,2G 3G 4G,2016-02-21 00:30:00,110.0,30.0,4.98,50.2,2.1,801
150614,Associação Brasileira de Compatibilidade Eletromagnética - ABRICEM,Faixa Larga,-16.26132,-48.99911,Anápolis,GO,1.22,0.19,1001668038,Claro,-16.2600694444444,-49.0,2G 3G 4G,2016-02-21 00:30:00,168.4,30.0,5.03,50.2,2.0,801
150615,Associação Brasileira de Compatibilidade Eletromagnética - ABRICEM,Faixa Larga,-16.26112,-48.9976,Anápolis,GO,0.46,0.03,1001668038,Claro,-16.2600694444444,-49.0,2G 3G 4G,2016-02-21 00:30:00,281.6,30.0,5.03,50.2,2.0,801
150616,Associação Brasileira de Compatibilidade Eletromagnética - ABRICEM,Faixa Larga,-16.26084,-48.99857,Anápolis,GO,0.58,0.04,1001668038,Claro,-16.2600694444444,-49.0,2G 3G 4G,2016-02-21 00:30:00,175.1,30.0,5.03,50.2,2.0,801
150617,Associação Brasileira de Compatibilidade Eletromagnética - ABRICEM,Faixa Larga,-16.25999,-48.9989,Anápolis,GO,0.75,0.07,1001668038,Claro,-16.2600694444444,-49.0,2G 3G 4G,2016-02-21 00:30:00,117.8,30.0,5.03,50.2,2.0,801
150622,Associação Brasileira de Compatibilidade Eletromagnética - ABRICEM,Faixa Larga,-16.28988,-48.94619,Anápolis,GO,0.82,0.09,699903734,Claro,-16.2893916666667,-48.9463777777778,2G 3G 4G,2016-02-21 00:30:00,57.9,30.0,5.0,50.0,2.0,800
150623,Associação Brasileira de Compatibilidade Eletromagnética - ABRICEM,Faixa Larga,-16.28932,-48.9465,Anápolis,GO,0.68,0.06,699903734,Claro,-16.2893916666667,-48.9463777777778,2G 3G 4G,2016-02-21 00:30:00,15.3,30.0,5.0,50.0,2.0,800
150624,Associação Brasileira de Compatibilidade Eletromagnética - ABRICEM,Faixa Larga,-16.28858,-48.94527,Anápolis,GO,0.66,0.06,699903734,Claro,-16.2893916666667,-48.9463777777778,2G 3G 4G,2016-02-21 00:45:00,148.7,30.0,5.0,50.0,2.0,800
150625,Associação Brasileira de Compatibilidade Eletromagnética - ABRICEM,Faixa Larga,-16.2883,-48.94729,Anápolis,GO,0.56,0.04,699903734,Claro,-16.2893916666667,-48.9463777777778,2G 3G 4G,2016-02-21 00:45:00,155.6,30.0,5.0,50.0,2.0,800
150631,Associação Brasileira de Compatibilidade Eletromagnética - ABRICEM,Faixa Larga,-16.28375,-48.7948,Anápolis,GO,0.04,0.0,403000793,Claro,-16.2797194444444,-48.8009611111111,2G 3G 4G,2016-02-21 00:45:00,795.8,60.0,10.0,46.1,1.8,1295
150632,Associação Brasileira de Compatibilidade Eletromagnética - ABRICEM,Faixa Larga,-16.28031,-48.79171,Anápolis,GO,0.37,0.02,403000793,Claro,-16.2797194444444,-48.8009611111111,2G 3G 4G,2016-02-21 00:45:00,989.6,60.0,10.0,46.1,1.8,1295
150633,Associação Brasileira de Compatibilidade Eletromagnética - ABRICEM,Faixa Larga,-16.27864,-48.78982,Anápolis,GO,0.14,0.0,403000793,Claro,-16.2797194444444,-48.8009611111111,2G 3G 4G,2016-02-21 00:45:00,1195.2,60.0,10.0,46.1,1.8,1295
150634,Associação Brasileira de Compatibilidade Eletromagnética - ABRICEM,Faixa Larga,-16.27728,-48.7867,Anápolis,GO,0.29,0.01,403000793,Claro,-16.2797194444444,-48.8009611111111,2G 3G 4G,2016-02-21 00:45:00,1546.2,60.0,10.0,46.1,1.8,1295
150928,My Business,Faixa Larga,-16.35033,-48.93733,Anápolis,GO,0.6,0.05,665608985,TIM,-16.349417,-48.938111,2G 3G 4G,2016-02-21 03:15:00,131.3,30.0,4.93,49.6,2.0,801
150929,My Business,Faixa Larga,-16.35011,-48.93864,Anápolis,GO,0.93,0.11,665608985,TIM,-16.349417,-48.938111,2G 3G 4G,2016-02-21 03:15:00,95.5,30.0,4.93,49.6,2.0,801
150930,My Business,Faixa Larga,-16.34928,-48.93842,Anápolis,GO,0.56,0.04,665608985,TIM,-16.349417,-48.938111,2G 3G 4G,2016-02-21 03:15:00,36.3,30.0,4.93,49.6,2.0,801
150931,My Business,Faixa Larga,-16.34828,-48.93828,Anápolis,GO,0.52,0.03,665608985,TIM,-16.349417,-48.938111,2G 3G 4G,2016-02-21 03:15:00,127.7,30.0,4.93,49.6,2.0,801
